,id,user_name,house latitude,house longitude
0,1001,Norby Maton,40.75661568772006,-73.95737408095505
1,1002,Winthrop Lawson,40.71602202671909,-73.9735826207915
2,1003,Claretta Spilstead,40.748127209982165,-73.97859580579158
3,1004,Tarrance Malinson,40.74339750932705,-73.97782518094208
4,1005,Timi Blazewski,40.73524062342115,-73.97571831319989
5,1006,Wyatan Ortiger,40.74168097323724,-73.96669090981936
6,1007,Chase Dilks,40.70036370606201,-73.97756497547014
7,1008,Hasheem Luckman,40.68279094449989,-73.9955259804511
8,1009,Carlotta Rumming,40.69451043953363,-73.9790564183357
9,1010,Marvin Stapley,40.696139576199094,-74.00953571602558
10,1011,Karolina de Chastelain,40.75671772748301,-73.96136439840517
11,1012,Hakim Linden,40.74181796962381,-73.99032888753491
12,1013,Maritsa O' Ronan,40.74092164913396,-73.95976745538202
13,1014,Cassi Carrack,40.701580309750575,-73.98595082757089
14,1015,Babbette Callway,40.727418055889565,-73.99442045310596
15,1016,Pattie Eschelle,40.76613626913419,-74.01494538763072
16,1017,Moira Chomiszewski,40.6908268151549,-74.00427478634616
17,1018,Adah Brade,40.76732051696965,-73.95212320858191
18,1019,Garret Bagby,40.69484841044341,-73.98115032182852
19,1020,Selinda Gauntley,40.70048365891384,-73.95963344378883
20,1021,Danette Strudwick,40.72734578097422,-74.00731546345882
21,1022,Jeremias Normavell,40.70405599734615,-73.99859966412043
22,1023,Booth Serck,40.71881025630292,-73.99013168511644
23,1024,Mabelle Battrick,40.742362834686865,-73.96954041040273
24,1025,Serge Seymark,40.73478593218941,-73.98481600523175
25,1026,Rakel Ellesworthe,40.75994071604056,-73.99063439335002
26,1027,Cassandre Brimming,40.75989383496044,-74.01523005122975
27,1028,Lanie Drivers,40.73841737619743,-73.99451080647091
28,1029,Myrna Persehouse,40.70381307885954,-73.97166965386286
29,1030,Daune Hoggan,40.699414683022596,-73.9955068320958
30,1031,Caressa Luckcock,40.68691913469299,-73.95985445878763
31,1032,Conrade Ferns,40.69687724075954,-73.98287711050797
32,1033,Egor Portlock,40.73833604573484,-73.9560847311989
33,1034,Sadye Heintzsch,40.74501255936184,-73.98788730035348
34,1035,Mike Raveau,40.71713751279198,-73.98147869265902
35,1036,Andonis Dyment,40.74138122239852,-73.98826589573679
36,1037,Jan Simyson,40.765917130253165,-73.98641294417645
37,1038,Josh Giller,40.741228377311614,-73.95954118454628
38,1039,Fonz Barniss,40.734800737785875,-73.95909542338478
39,1040,Ahmed Umpleby,40.75642310685513,-73.95781056217082
40,1041,Chad McClelland,40.7075287112178,-73.9559724640054
41,1042,Beaufort Mountjoy,40.72174129851601,-73.9888930994495
42,1043,Teddie Halifax,40.74840509305579,-73.99469715508287
43,1044,Odessa Rosen,40.73970015620495,-73.9825390120187
44,1045,Janna Thinn,40.72196524388845,-73.98564714555518
45,1046,Myrlene Coots,40.73364741410155,-73.95161527625619
46,1047,Woodie Lehr,40.74350939817715,-73.95052595261586
47,1048,Malvin Linzey,40.70707060194443,-73.99813428572024
48,1049,Stefa Thew,40.729850256102196,-74.00412428147457
49,1050,Judas Barrick,40.687730626341384,-74.0101019635894
50,1051,Eldon Raft,40.68479705297827,-73.95771369239527
51,1052,Selinda Munden,40.69751967830587,-73.96403969801779
52,1053,Baldwin Lindsay,40.76418936954436,-73.99750885839615
53,1054,Dugald Diaper,40.69926545066959,-73.96174301534181
54,1055,Jacquelynn Delafont,40.72437805318647,-73.95834954976536
55,1056,Welsh Sherar,40.75209373835381,-74.01258109865248
56,1057,Val Stanlock,40.72147671474951,-73.97610701265653
57,1058,Sumner Dainty,40.69606868295326,-73.99445030037153
58,1059,Phebe Mounsie,40.73878347865551,-73.98772484976021
59,1060,Terence Ferron,40.74385604647675,-74.00496816010933
60,1061,Tiebout Mallabar,40.70813579756763,-73.98429541670885
61,1062,Leandra Gludor,40.75544652566999,-73.96633809403464
62,1063,Victoir Shipcott,40.72775271340268,-73.96311835383179
63,1064,Benjie Giacomi,40.73681679555849,-73.96090226178693
64,1065,Corbin Bleeze,40.752050072538225,-73.9628388676209
65,1066,Lesley Mahood,40.688963353099,-73.97942565819346
66,1067,Oates Bonome,40.74928632064194,-73.99037669569813
67,1068,Kelsey Fynan,40.68131850395726,-74.01209422146351
68,1069,Marylynne Mahaddy,40.74695612918142,-74.01246850883459
69,1070,Katalin Flori,40.72902962541317,-74.01446810902462
70,1071,Schuyler Gowdy,40.686950059133345,-74.01011070640476
71,1072,Shermie Franzel,40.70661424191182,-73.98616613798862
72,1073,Archer Kroin,40.70983383190713,-74.00996298178164
73,1074,Betta Kerswell,40.7350032498979,-74.01184910462689
74,1075,Lita Blazic,40.707835876999866,-73.95182798146283
75,1076,Normand Lancashire,40.69637951799633,-74.01322477372749
76,1077,Odella Iffe,40.68875587897988,-74.0061177143261
77,1078,Gaylor Leddie,40.69817602490835,-73.98671199055647
78,1079,Mollie Blazej,40.725533254224935,-74.00540421067572
79,1080,Jena Arboin,40.75290834675328,-73.98637286761212
80,1081,Thorsten Dyball,40.74430139745357,-73.96300044792652
81,1082,Birk Fishly,40.73193502849849,-73.99587002307456
82,1083,Leigha Ashley,40.7178839956726,-73.96302298284465
83,1084,Boigie Ormesher,40.76703243080825,-73.96064949100884
84,1085,Nollie Germon,40.76227748223736,-73.9999969206872
85,1086,Joe Olenov,40.74996906645698,-73.98598994930335
86,1087,Bryon Jovic,40.71182576006663,-73.98180536750884
87,1088,Arlie Hanhart,40.762833741766826,-73.95133811362668
88,1089,Dionne Saines,40.701812745856,-73.99361537463064
89,1090,Patten Dacca,40.693766031324074,-74.00744331226221
90,1091,Rog Haynesford,40.71413234266581,-73.98524441618015
91,1092,Toiboid Vasilyonok,40.74579552383965,-73.96416495573528
92,1093,Dougy Cromie,40.69129715171675,-74.00014344387888
93,1094,Antonin Matokhnin,40.683414660790234,-73.98203961400836
94,1095,Vincent Hanselmann,40.74011339664789,-73.96962056393167
95,1096,Hortensia Melan,40.762671422498016,-73.99582974969175
96,1097,Audi Burdge,40.70153404226856,-74.01565316364936
97,1098,Maitilde Carnegy,40.70998483134196,-73.99512703987463
98,1099,Elias Crouch,40.76972025361623,-73.97412268689692
99,1100,Nelie Dorant,40.72582848374355,-73.97786707736154
100,1101,Alvie Exer,40.753905930275685,-74.01261917557584
101,1102,Jen Duckels,40.70258378098419,-74.01427919969642
102,1103,Ced Boydle,40.7572594917723,-74.01573640638453
103,1104,Barbette Yegorkin,40.7320564109304,-73.99155931315316
104,1105,Drucie Kirsch,40.76862295698752,-74.0082597400888
105,1106,Mercedes Birkmyre,40.751846429828994,-73.96719137660583
106,1107,Boy Sisselot,40.69926344562497,-74.00782411672895
107,1108,Aleece Rosen,40.69145877418837,-74.00547705070814
108,1109,Joachim Hansel,40.764265679780394,-73.97550341619628
109,1110,Nevile Melloi,40.68426022647043,-73.9587331198364
110,1111,Ruperta Measures,40.74451194633063,-73.98613660771878
111,1112,Denney Boylan,40.685555337959016,-74.00892457979896
112,1113,Gerladina Akenhead,40.70242184971293,-74.00157500124457
113,1114,Faun Mulchrone,40.75779619586609,-73.9886188897444
114,1115,Gilli Lukins,40.71736409886635,-73.96696922503699
115,1116,Lira Dancer,40.746119189590544,-73.98260200481178
116,1117,Millicent Callaway,40.73033026645321,-74.0084569731123
117,1118,Caria Charrette,40.743742813861736,-73.95740322796557
118,1119,Sasha Buntine,40.7043176028019,-73.98553516296163
119,1120,Blisse Erb,40.743480884336584,-74.0130929477068
120,1121,Ingeberg Gardiner,40.740359230287815,-73.98609745525604
121,1122,Ermina Sandeson,40.74699107104457,-73.95781167922755
122,1123,Cilka Rayworth,40.76422033726179,-73.98218930838998
123,1124,Sadella Jaggers,40.72257722723114,-74.00548125645577
124,1125,Michaelina Maltster,40.68538976544348,-73.97069193419914
125,1126,Morley Ilett,40.74217025244463,-73.99271578124375
126,1127,Roze Fleckno,40.69793690926563,-73.99516683383318
127,1128,Kinny Lazarus,40.739840953502366,-73.95380769484859
128,1129,Boote Caslett,40.70912243323385,-73.96974405511176
129,1130,Justine Wissbey,40.680967350747466,-73.95919815819825
130,1131,Reba Tavinor,40.731538057967065,-74.01613149624377
131,1132,Abba Legen,40.697658467322974,-74.00465847409679
132,1133,Chance Cran,40.70903392210708,-73.96965134405009
133,1134,Barclay Huriche,40.725748172758614,-73.98085452822704
134,1135,Tamra Van Merwe,40.767908655496434,-73.98120762136699
135,1136,Irvin Enderson,40.69633815709154,-73.99717054401259
136,1137,Sholom Fomichyov,40.72239640182979,-73.96608077233681
137,1138,Lisabeth Brisland,40.72979015391663,-74.00001654349106
138,1139,Malvin Lumbers,40.70250831517619,-73.9971850238892
139,1140,Jo-ann Buye,40.683377726913534,-73.98398107934771
140,1141,Worthy Sarjeant,40.73928955921372,-73.98206829144621
141,1142,Hayward Altree,40.702245007777265,-73.96533681710103
142,1143,Dane Brough,40.685699994691355,-74.01611514395613
143,1144,Sela Akram,40.692942203346625,-73.98721679641656
144,1145,Daisey Tunna,40.74933809400889,-73.96962129203911
145,1146,Angie Creggan,40.68193231946247,-73.98382188096538
146,1147,Patsy Masterton,40.694955814653945,-73.95164103288043
147,1148,Ebonee O'Clery,40.71613982220538,-73.96616238610325
148,1149,Ag Bratty,40.73790829322621,-74.00914659126884
149,1150,Debi Skyner,40.76459115692309,-73.97218696392419
150,1151,Sander Olivetta,40.68529691611166,-73.98772537146318
151,1152,Sayres Remmer,40.743829948070356,-73.96009260334274
152,1153,Ida Walcher,40.68062548594347,-73.95026763445766
153,1154,Thalia Shipp,40.72206470426413,-74.01023055111635
154,1155,Paxton Broseke,40.6907152969403,-73.96148266051887
155,1156,Morena Eddison,40.72727222597157,-73.96080346105232
156,1157,Bendicty Baalham,40.74384553647657,-74.00333337242607
157,1158,Davidde Ratnage,40.68236003586866,-73.95561343459406
158,1159,Lois Ferron,40.72931502563312,-73.96271438850563
159,1160,Ardelia Sarrell,40.68786038893384,-73.96599711091768
160,1161,Boy Chesley,40.717929860833486,-74.00511306581802
161,1162,Rogerio Dollar,40.73389987771981,-73.96947972434904
162,1163,Davidde Stringman,40.69900837658937,-73.97595614391625
163,1164,Conchita Mebes,40.711044829186484,-73.96136869587313
164,1165,Diane Astbury,40.72459878314341,-73.97061020702661
165,1166,Mychal Rothery,40.68715886291224,-73.9922809804082
166,1167,Rosalyn Oulett,40.73942083742433,-73.9850345063991
167,1168,Chloe Rodnight,40.702129441565106,-74.01076962152011
168,1169,Andonis Meadway,40.724070479141616,-73.98933888559826
169,1170,Lewiss Elderton,40.73248803372761,-73.96852233720277
170,1171,Mandi Brito,40.75749122065102,-74.0152701430471
171,1172,Feodor Joyner,40.71171533778999,-73.96708876305837
172,1173,Tabbi Wildgoose,40.746252380897005,-74.00297803806727
173,1174,Bevan Badcock,40.76475338199167,-73.96208972994353
174,1175,Kare Prestland,40.69891711587321,-73.97015202492513
175,1176,Inger Barkess,40.706170415845065,-74.01138896905317
176,1177,Lay Nowell,40.72852908726081,-73.99587897030617
177,1178,Portie Goldsby,40.75300855614975,-73.95213967750848
178,1179,Essy Treece,40.69477204244495,-74.01187670906837
179,1180,Elsa Fright,40.70057552004656,-73.96338428396554
180,1181,Rhiamon Hagley,40.69628705518672,-73.98647964214776
181,1182,Othelia Ianinotti,40.71317605464114,-73.98395261493255
182,1183,Rogerio Daleman,40.71915088123551,-73.98766858078733
183,1184,Jocelin Philippet,40.717272571456604,-74.01299018342169
184,1185,Garik Largan,40.72326212576869,-73.97762801120625
185,1186,Kahaleel McCamish,40.750795816324455,-73.97566215952807
186,1187,Cyndie Fozzard,40.74577732143561,-73.97303198720435
187,1188,Merry Sessuns,40.69073969834762,-73.95758112404322
188,1189,Judah Crichton,40.73681847638953,-73.99895459043105
189,1190,Shir Riggey,40.68480530256059,-74.01199798058495
190,1191,Reginald Giraldez,40.725466154898605,-74.01285043560058
191,1192,Georgine Tutt,40.73409272960255,-74.00164919758002
192,1193,Patrizia Middler,40.733230870054754,-74.00768988519141
193,1194,Pauly Cuddon,40.724221700338454,-73.9956517926969
194,1195,Fanchette Wayte,40.71490612758931,-73.95309609830336
195,1196,Luigi Cammidge,40.69250980935246,-73.9894652484011
196,1197,Tate Sambidge,40.690385351282046,-73.96714575102183
197,1198,Grover Smallpiece,40.71093517829412,-73.97555909991704
198,1199,Shani Drewet,40.7134878270537,-73.97126361684676
199,1200,Rasla Bynold,40.706462884321084,-74.00871596287865
200,1201,Birch Mathis,40.691801246685735,-74.00006777768078
201,1202,Louie Kermott,40.7515046762322,-74.00734771590855
202,1203,Travis Phonix,40.736108433407324,-73.95192335311513
203,1204,Adel Hellikes,40.69941825936621,-74.00705442763596
204,1205,Kile Spaughton,40.7534241803288,-73.99128494950487
205,1206,Putnam Bonde,40.75126603056416,-74.00328435840257
206,1207,Marlyn Lambregts,40.71780749494919,-73.9660845487409
207,1208,Fredericka Teers,40.69109193925325,-74.00601433037187
208,1209,Abbie Normanville,40.742280974486405,-73.95418566095331
209,1210,Hobey Delbergue,40.761455704629945,-73.98802844024668
210,1211,Paco Phython,40.738556772854025,-73.95447791206395
211,1212,Jehu Conboy,40.740454529892446,-74.01089249777371
212,1213,Daryle Methingam,40.69468223129959,-73.95763652629537
213,1214,Teresa Chmiel,40.7683831713255,-73.95920354598817
214,1215,Saleem Swanston,40.75911818237587,-73.98784012469751
215,1216,Lennie Milley,40.74465106480153,-73.98963672312419
216,1217,Audrie Samart,40.70998296671841,-74.0154958087528
217,1218,Lucia Wilne,40.701777984735415,-73.97535433745519
218,1219,Iver Dixie,40.68344458788749,-74.01004704407944
219,1220,Harman Santore,40.7381911772537,-73.96776856275785
220,1221,Allis Videan,40.69789802476585,-73.99808536723557
221,1222,Alisa Gillyett,40.74981166915998,-73.96687426906936
222,1223,Dex Lease,40.741939996355924,-73.95035274928162
223,1224,Dani Kalker,40.75952196070229,-74.01667506289732
224,1225,Kain Humbles,40.749198984323975,-74.00657906728391
225,1226,Fernando Achromov,40.72886106923918,-73.97797706919293
226,1227,Rafferty Molineux,40.69363358642238,-74.00903269260127
227,1228,Juliet Lieb,40.695151638772494,-74.00676015945103
228,1229,Sergei Butchers,40.74831474599006,-74.00865995544673
229,1230,Quill Habron,40.697732076523835,-74.00351899934789
230,1231,Tracey Gimenez,40.702928444257225,-73.95567059619384
231,1232,Garrot Grundell,40.745745509805495,-73.96365411034941
232,1233,Alaric Ducrow,40.722833673798036,-73.96524540745348
233,1234,Remy Zorzoni,40.68772624161553,-73.96505053918962
234,1235,Noellyn Bogie,40.75161908054701,-73.99916678950119
235,1236,Garnette Garrelts,40.76643181503077,-73.96533321058502
236,1237,Amitie Dugue,40.75636386740456,-73.98913735704264
237,1238,Lyssa Woodwing,40.752080367352804,-74.00454726344427
238,1239,Ainslee Aneley,40.69626171372978,-73.95846369653698
239,1240,Abbot Kassman,40.7532604802072,-73.951050323742
240,1241,Quent Lindermann,40.75284377125409,-73.95475074958456
241,1242,Darline Motton,40.76741771525147,-73.99683735940962
242,1243,Maryanne Laytham,40.70799681927673,-73.962846344582
243,1244,Keefe Radleigh,40.68301145699779,-74.01237234002974
244,1245,Henderson Heild,40.74047710594114,-73.98360529990548
245,1246,Donall Pearcey,40.751550306304814,-73.97882068469426
246,1247,Kellyann Jakobssen,40.70937534527395,-73.96653888550027
247,1248,Mack Talmadge,40.743336294058324,-74.01084251778215
248,1249,Audrye O'Shea,40.74550937549542,-73.96529994975924
249,1250,Cherrita Swinfon,40.75223904312269,-73.99677095588369
250,1251,Ashien Muncey,40.76002209278664,-73.95413435330438
251,1252,Mathian Dimnage,40.756749621295945,-73.98699679597571
252,1253,Harrietta Swyer,40.69903563119874,-73.98100715169743
253,1254,Gillan Jenney,40.75504495304818,-73.99064507862724
254,1255,Mel Simeoni,40.70963381858152,-73.98746486085675
255,1256,Jedidiah Canham,40.68084177820807,-73.98654151635861
256,1257,Lindsey Witherington,40.76728929662652,-73.98638272668819
257,1258,Christoph Duplain,40.74159578800019,-73.95166864008753
258,1259,Nicolas Boggs,40.752924833393706,-73.96161410205401
259,1260,Danita Romaine,40.706733594073675,-73.9594010485226
260,1261,Angelika Bache,40.735220985787606,-74.00594212803422
261,1262,Broderick Heathfield,40.70855672847626,-73.95970026831937
262,1263,Austen Baudi,40.74260219437316,-73.98722025274667
263,1264,Elihu Chess,40.682012905410055,-73.99087743286914
264,1265,Dode Gentle,40.71233478327538,-73.99714646372196
265,1266,Fabian Perassi,40.69068484069499,-73.98017768822335
266,1267,Yolane Martinho,40.70068297005518,-73.99228662857003
267,1268,Esmaria Tredget,40.73052612588778,-74.00037102760163
268,1269,Codi Tuminini,40.73993701690569,-73.99144073898833
269,1270,Ilka Brydie,40.76264298778107,-74.0097720646571
270,1271,Maxy McGarva,40.73621300689412,-73.99868085149139
271,1272,Kippar Doak,40.690251612720466,-73.98332764054139
272,1273,Gayleen Iiannoni,40.70188767319812,-74.01095228224273
273,1274,Ferne Ralph,40.69926797547938,-74.00007245267136
274,1275,Lindi Brundell,40.684348090076355,-73.96634567448666
275,1276,Stefanie Peters,40.697330765877545,-73.99611571774061
276,1277,Renie Stenhouse,40.685806345638134,-73.95630595459262
277,1278,Wash Scotchforth,40.736038030325346,-74.01587751957183
278,1279,Ellynn Woodnutt,40.76492473768884,-73.97036352132943
279,1280,Cristen Masi,40.726163161422335,-74.00468917443106
280,1281,Lucas Livingston,40.68140829181494,-73.95043827103792
281,1282,Josey Arsey,40.767344259728226,-73.99947724058359
282,1283,Wesley Dabinett,40.726964238252485,-73.99816126218377
283,1284,Agustin Erickssen,40.68422746040056,-74.01309640026574
284,1285,Colline Poundford,40.74320169326112,-73.9574907387745
285,1286,Inessa Olczak,40.7167163964171,-74.00836585043761
286,1287,Fabiano Pugh,40.72179187419165,-73.95762622695378
287,1288,Coral Renvoys,40.682995860365125,-74.01490932661444
288,1289,Roxanna Keningley,40.72664651557219,-74.01597782718049
289,1290,Karlyn Linskill,40.70637018401351,-73.99504028922887
290,1291,Angelo Lauder,40.753967898650394,-73.99532460213517
291,1292,Norene Donati,40.75958209421227,-73.97991717961848
292,1293,Brad Middlemiss,40.70693273219319,-74.01529713510642
293,1294,Charlotte Ogus,40.75555165905872,-73.98613313115011
294,1295,Jacenta Von Der Empten,40.68530163458755,-73.97633544765824
295,1296,Roland Shields,40.75507624385361,-73.97710410223881
296,1297,Tanny Lillow,40.75217313555084,-74.00480149118741
297,1298,Meredithe Berthomier,40.74105290520295,-73.95931267439904
298,1299,Courtnay Tee,40.71708779614975,-73.9958881910311
299,1300,Cary MacEntee,40.73530538124157,-74.00200060384337
300,1301,Arnold Caldero,40.7395271732817,-73.951321959838
301,1302,Catarina Kingsnorth,40.69613570326232,-74.00416559553355
302,1303,Theressa Espina,40.75776025707814,-74.00608262972497
303,1304,Troy Titt,40.68944194584839,-73.99014208449783
304,1305,Patrice Buscombe,40.69620487983011,-74.00686657270766
305,1306,Darla McBryde,40.71158352451005,-73.95573167762524
306,1307,Wolfgang Greenin,40.6872413855162,-73.98152788896851
307,1308,Scarface Garbott,40.710469445910014,-73.99138682625194
308,1309,Lynnell Houndesome,40.70410881681946,-74.01371872235781
309,1310,Silvia Spira,40.70253729578202,-73.95151343862456
310,1311,Carolann Panyer,40.70367611421546,-73.96730595887927
311,1312,Ryan Lougheid,40.76695223679628,-74.00158396569894
312,1313,Ira Harrhy,40.72300484659142,-73.98237303583751
313,1314,Zedekiah Oulner,40.69372942296372,-73.98322942792066
314,1315,Der Mount,40.7064792692155,-73.97905700988778
315,1316,Brianne Beumant,40.72438668125826,-73.96612158951537
316,1317,Leonore Grendon,40.72170374919502,-73.99490572887366
317,1318,Kathryne Mellon,40.68808784631749,-73.96403415176175
318,1319,Byrann Mounsey,40.71820040598055,-73.98468717309741
319,1320,Hyatt Dran,40.737875087154094,-73.99678841457643
320,1321,Jamima Elesander,40.76537710545551,-73.95721645419793
321,1322,Julienne Petkovic,40.73644199804897,-73.96298996376852
322,1323,Cristobal Lamy,40.755353041486075,-74.00123240662994
323,1324,Eliza Trump,40.730114659201995,-73.95540398813952
324,1325,Clare Standen,40.72419466333319,-73.9694989313829
325,1326,Wilmar Vickerstaff,40.68674665125644,-73.97846935983296
326,1327,Lothario Durdle,40.70435614637591,-73.9533596341786
327,1328,Mignon Gurney,40.71811583078504,-73.95879365858026
328,1329,Fonzie Hulcoop,40.71081133158478,-73.98520777396705
329,1330,Kitti Oxbury,40.755816670724506,-74.01521130798014
330,1331,Ynez Jauncey,40.753232429108266,-73.99057417104025
331,1332,Renae Pentercost,40.70535025073376,-73.99463041104114
332,1333,Augy Cardillo,40.73253713711314,-74.01378757504702
333,1334,Kaycee Sterzaker,40.729402310356214,-73.97081129280375
334,1335,Blithe Beinisch,40.68168870258187,-73.96470596927004
335,1336,Florida Boeter,40.693778645639156,-73.99592052617398
336,1337,Cody Lee,40.720051822777265,-74.00833700907117
337,1338,Odo Burnsall,40.719681960269654,-74.01045770215728
338,1339,Goddard Torre,40.731186527305404,-73.95933856182371
339,1340,Ced Snashall,40.74415959289969,-74.01682191733661
340,1341,Dominik McLelland,40.76633887992348,-74.00917890809433
341,1342,Tierney Klemz,40.69786083330497,-73.95709393178949
342,1343,Dita Milkin,40.712757423841126,-74.01591283700711
343,1344,Rutger Trott,40.729983112011276,-74.00891473364062
344,1345,Tobe Baine,40.72023248768515,-74.00111666610992
345,1346,Alysa Masterton,40.738406868366276,-73.96507815200732
346,1347,Shandeigh De Ambrosi,40.76516008220654,-73.99835050834551
347,1348,Barth Bussens,40.72154952327121,-73.98635847799129
348,1349,Jacques Habbijam,40.695087409609705,-73.95075237674149
349,1350,Pansy Arno,40.73502569776604,-73.99169137277283
350,1351,Ryley Satterlee,40.715134589562965,-73.9565993917215
351,1352,Jacobo Curtayne,40.693053109241916,-73.97802071867913
352,1353,Maximilien Oosthout de Vree,40.686206110734894,-73.96978523790492
353,1354,Farley Rich,40.75826991359071,-73.97774780385573
354,1355,Ruy Pannett,40.76529702014921,-74.00779494930626
355,1356,Willow Stailey,40.683461269351824,-73.97785657264569
356,1357,Melisenda Caulder,40.71008364602033,-73.95868282765191
357,1358,Olivia Hulmes,40.68432176869641,-73.95297891986297
358,1359,Bryn Alu,40.70123254248505,-73.98579531686102
359,1360,Melany Gerardot,40.76684797951069,-74.00306669162363
360,1361,Ruy Pohl,40.68053306959393,-73.99584494382198
361,1362,Marlie Bonaire,40.69239556839649,-74.00443057366509
362,1363,Ronalda Sneesbie,40.73207547204362,-73.96099737635227
363,1364,Maury Lacaze,40.732964942037356,-73.9858778548406
364,1365,Philip Mustchin,40.74894896931222,-73.95820080835806
365,1366,Magdalena Manley,40.76905809226075,-73.98413094108156
366,1367,Agna Bohlens,40.7693297400006,-73.95504479187298
367,1368,Harper Ivashkin,40.72900229887491,-74.00786814799189
368,1369,Lynette Brownlea,40.73644465545975,-73.96498630982195
369,1370,Lin Diwell,40.722919489163125,-73.98490191213496
370,1371,Clareta Riggert,40.681367775445636,-73.99656949353391
371,1372,Craggy Schwand,40.72546054751179,-73.97028806573708
372,1373,Angelika Witherden,40.75096326613114,-73.96287483417896
373,1374,Josy Yurkevich,40.69301531635253,-73.97465172978276
374,1375,Didi Bartolacci,40.759923613657065,-74.00568063953686
375,1376,Laural Leve,40.76976646983592,-74.00834908655506
376,1377,Meg Sannes,40.75494857912812,-73.95161875698746
377,1378,Aurora Vann,40.74555607092291,-73.96094027429355
378,1379,Fabien Kersting,40.73623904056932,-73.97187396328873
379,1380,Aland Halligan,40.69782137487279,-73.9542129368543
380,1381,Jamaal Cruxton,40.70700937511235,-73.97431488371546
381,1382,Drucill Artinstall,40.71677373031202,-73.9638130323505
382,1383,Bryce Jankin,40.698228537314115,-73.95541649897758
383,1384,Bessy Scardafield,40.69536801510327,-73.95874258470282
384,1385,Melba Briffett,40.71164056080142,-73.98674465511819
385,1386,Germain Kix,40.68952770355271,-73.96152041991697
386,1387,Bartholomew Tugwell,40.76464124448986,-73.96922997413665
387,1388,Alyce Rennox,40.68701475228862,-73.98975339117375
388,1389,Tedman Tuther,40.711233078647844,-74.00342766792193
389,1390,Toni Sandall,40.697783473268714,-73.95201061256219
390,1391,Brade Lott,40.73898231284568,-73.9561879900425
391,1392,Amargo Wycliffe,40.719197118981974,-73.97412607318029
392,1393,Chelsea Hurdman,40.696725422930854,-73.97651441069662
393,1394,Alasteir Reddecliffe,40.70151341502406,-73.96721082346406
394,1395,Cleavland Giovanetti,40.75623441206196,-73.97072418825306
395,1396,Lidia Littlekit,40.71176884145815,-73.97869942593212
396,1397,Hunt Po,40.73276964772831,-73.98945007058565
397,1398,Meredith Stanistrete,40.73763973746637,-74.00126568254484
398,1399,Jaymie Bartomeu,40.76470256257083,-73.99490351458705
399,1400,Amye Baines,40.71190793536507,-73.96102674467092
400,1401,Marco Beartup,40.76972363779059,-73.98664062033859
401,1402,Nichol Tharme,40.70131129516963,-73.96597260690817
402,1403,Sophia Tabord,40.760292295764316,-73.95298273308546
403,1404,Ingar Ungaretti,40.72395903423031,-73.9994693446685
404,1405,Jacquetta Fearnyough,40.7322779298261,-73.97802808914906
405,1406,Susannah Blabber,40.73406993212737,-73.98145887644222
406,1407,Kali Arlott,40.74604835128471,-73.97693513926926
407,1408,Bernard Kitchiner,40.760320218363304,-74.00858681984778
408,1409,Blinny Blurton,40.76661491011902,-73.99732000928132
409,1410,Andros Innman,40.74714417436281,-73.99573561123799
410,1411,Barney Perazzo,40.75005848664098,-73.96434270794532
411,1412,Jackqueline Phillpot,40.71359392465851,-73.9549031181498
412,1413,Carlita Brownbill,40.7172904801349,-73.96232159794407
413,1414,Claudetta Deniskevich,40.71134308596124,-74.01436903444821
414,1415,Lynnette Van Eeden,40.68684204290979,-73.99422296931711
415,1416,Agosto Storer,40.768567417488164,-74.01409092703831
416,1417,Marylynne Jouandet,40.7084668072587,-73.96708344641729
417,1418,Gorden Ivett,40.7132885371534,-74.0116292201762
418,1419,Kendrick Burkhill,40.767279594190676,-74.00349314455902
419,1420,Janeen Brocks,40.73252975385013,-73.98457650596922
420,1421,Blair Bourdel,40.698611524209184,-73.98315038406727
421,1422,Aeriell Dyne,40.74008751699054,-73.95169605357438
422,1423,Corey Edinborough,40.73968114144267,-73.98449269033227
423,1424,Atlanta Semaine,40.734501974532755,-74.01422812982631
424,1425,Lena Eason,40.75703441909304,-73.9784016546862
425,1426,Ranee Kershaw,40.68413321321722,-74.01151342722925
426,1427,Steffi Yirrell,40.70598305722748,-73.95749646055172
427,1428,Biddie Rains,40.71503952421851,-73.9745436588226
428,1429,Beau Thebe,40.69340094985374,-73.95965679417742
429,1430,Ebenezer Harnott,40.742312198381796,-73.96683052276674
430,1431,Osmund Portwaine,40.75235793481648,-73.98870136285437
431,1432,Raye Fullylove,40.70887043929698,-74.00497782476609
432,1433,Vicki Ricoald,40.72442672923386,-74.0131161305878
433,1434,Glenn Canacott,40.70422164211625,-74.01180874479434
434,1435,Marysa Druett,40.700800151975166,-73.99124328899654
435,1436,Brandea Hackly,40.735565515322435,-73.98980912545998
436,1437,Jefferey Kennerley,40.71998722214065,-73.96942866126467
437,1438,Margo MacAlpine,40.75717757328641,-73.99509595009545
438,1439,Terrance Collicott,40.75533551520684,-73.95297634028927
439,1440,Byrle Rothwell,40.71123239171229,-73.96670614585678
440,1441,Auberta McArthur,40.76794713935679,-73.99313839216332
441,1442,Berta Georghiou,40.68458751114115,-73.9662873592068
442,1443,Inge Greenroa,40.69018727229948,-73.96640891626059
443,1444,Tadio Wattisham,40.69329215770684,-73.97954047959091
444,1445,Pincas Stennett,40.71957127691514,-73.95999051537659
445,1446,Emmet Killbey,40.698460407960816,-74.01379065755334
446,1447,Clerc Gillson,40.73282358544044,-74.0064285372688
447,1448,Shelley Lambdin,40.705309164035775,-73.99944246473308
448,1449,Lorraine Tomadoni,40.7292381424062,-73.95279604905431
449,1450,Georgie Petrol,40.723201735091294,-73.98623989695078
450,1451,Tirrell Mustchin,40.76719361387451,-73.9613908486869
451,1452,Sheela Girardi,40.76050992011946,-73.98653363274946
452,1453,Maddie Greber,40.72133191963317,-73.99738132167307
453,1454,Daniel Stanworth,40.715958300524946,-73.99258130979526
454,1455,Corella Fitzer,40.738921727106344,-73.99404813650533
455,1456,Beitris Mayhou,40.69950661802793,-74.01425140927995
456,1457,Joey Greenwood,40.73237323074819,-73.97363924753935
457,1458,Adoree Jeffry,40.73245050784017,-74.00602763222058
458,1459,Mason Hovy,40.75651778651776,-73.98158291554603
459,1460,Jenni Bandiera,40.71677307743636,-73.96954045384257
460,1461,Schuyler Riddel,40.70409071710348,-73.95209284946922
461,1462,Marsiella Medlen,40.74424574860368,-73.98755009898676
462,1463,Cody Gourdon,40.752545869650845,-73.95472688612317
463,1464,Ernst Forten,40.76818440009976,-74.01626868628885
464,1465,Sandra Huscroft,40.73056034968421,-73.96847213900077
465,1466,Abagael Goodridge,40.70190598299926,-73.98887206658844
466,1467,Anne-marie Fullager,40.715041965392295,-74.0024299737671
467,1468,Huberto Pastor,40.755065631406644,-73.9718996331523
468,1469,Laryssa Fennelly,40.760504113532,-73.95173474687854
469,1470,Susanna Sponton,40.74513751512098,-73.97791598676226
470,1471,Anabella Purcell,40.76890204748259,-73.98485657652715
471,1472,Rice Vogeler,40.74236466432912,-73.99336603393006
472,1473,Brittan Willcox,40.744500518443495,-73.97823120527248
473,1474,Audre Gonsalo,40.70882673966081,-73.98327143432338
474,1475,Reece Bleesing,40.695929392709125,-73.97539842476188
475,1476,Kaila Girt,40.73970101701372,-73.9695681900012
476,1477,Moise Matei,40.71876548475413,-73.99996669899261
477,1478,Jennette Shurlock,40.68668897708565,-73.9950020560732
478,1479,Zeb Kelsow,40.76792401473615,-73.9813489376521
479,1480,Ricki Purtell,40.70544817650118,-73.95763585397314
480,1481,Enrique Andreotti,40.694228429343575,-73.9507541789805
481,1482,Ceciley Trazzi,40.7395944783576,-73.96390254046005
482,1483,Jobi Duplan,40.74525726570099,-73.98356247339656
483,1484,Samson Lob,40.72306539899177,-74.00234753915402
484,1485,Merilyn Dawid,40.73467858398086,-73.95097220386003
485,1486,Wainwright Cosley,40.69844078679968,-73.9932733657967
486,1487,Karoly Wrenn,40.71073848075465,-74.00682787504415
487,1488,Othelia Grosvener,40.73416505479016,-73.9618329644387
488,1489,Penn Hazelby,40.7414949813543,-73.96162645031094
489,1490,Grace Witham,40.687602908998976,-73.99203471948803
490,1491,Freddie Corn,40.69870060366873,-73.98401739417298
491,1492,Dot Gladdin,40.74915983597609,-73.99370430716347
492,1493,Lancelot Fearby,40.68884098702792,-74.0059177295249
493,1494,Harmon Lydden,40.750006183127745,-74.00907420695101
494,1495,Jo Bansal,40.715557718693994,-74.01345544422144
495,1496,Carlynn Iveson,40.75316339724389,-73.95910651875347
496,1497,Auroora Dockrell,40.71746912971995,-73.97892102018727
497,1498,Desi Tew,40.697877277968225,-73.97224131437152
498,1499,Brittani Saffe,40.71579881398194,-73.96315221817063
499,1500,Laetitia Rockcliffe,40.72759130993028,-73.95856269712637
500,1501,Merill Burder,40.73143096711142,-73.99598103466688
501,1502,Chloette Connechy,40.71461779217721,-73.97017633055975
502,1503,Adena Tilburn,40.70811158252361,-73.98452424602047
503,1504,Cozmo Blower,40.74499142386771,-73.99246237555363
504,1505,Fionnula McInnes,40.70140402854604,-73.96641561627885
505,1506,Lane Faill,40.72639206824711,-73.9576693803847
506,1507,Noach Heald,40.70621135376076,-73.9783905398462
507,1508,Kerrie Tantrum,40.73239063911217,-73.99782444589322
508,1509,Marlyn Weston,40.72287135297089,-73.98679720590258
509,1510,Angelle Lazenby,40.76168238332121,-74.00503848820051
510,1511,Shoshanna Favela,40.69486487359536,-74.01600810638674
511,1512,Marcy Donizeau,40.768387405256235,-73.95055472679884
512,1513,Saleem Heymann,40.748054728653436,-73.95120077491373
513,1514,Rebecca Francisco,40.721486661456424,-73.95762690502431
514,1515,Dorthea Stanion,40.68597383997767,-73.96767480527488
515,1516,Tana Stenning,40.73120370125823,-74.00093756221864
516,1517,Trish Richichi,40.76764635072012,-74.01646339941328
517,1518,Robbyn Buckie,40.688859752570934,-74.01614802298351
518,1519,Gareth Gawen,40.68920589525367,-73.98185778236292
519,1520,Kayley Bradbury,40.759514257087744,-73.98919718611954
520,1521,Teador Trank,40.708978821409,-73.96928798240546
521,1522,Cristin Shillitoe,40.70758149648007,-73.99803075535156
522,1523,Hinda Stamp,40.710008750287315,-73.97720401621723
523,1524,Rodrique Yukhtin,40.74389581096503,-73.97197890403504
524,1525,Hilly Rangell,40.7166565709965,-73.97476977684514
525,1526,Marni Demogeot,40.68651257952286,-73.96073116954851
526,1527,Emmett Lansdowne,40.71879748646068,-73.98858550639171
527,1528,Maura Herety,40.76380578724476,-74.01462871192909
528,1529,Lin Clash,40.74715844995802,-73.98736182056516
529,1530,Rosetta Gerriet,40.73209213691666,-73.98633522275344
530,1531,Gaultiero MacDuff,40.73990915598318,-74.00063648938749
531,1532,Karlotta Hassewell,40.73828260472721,-73.97871018366587
532,1533,Archibold Guillon,40.760788940435575,-74.00366933837748
533,1534,Bevon Perle,40.744163535731225,-74.0068746505488
534,1535,Cymbre Simmings,40.72233474876153,-73.96696807473305
535,1536,Barnard McCawley,40.68202973582272,-73.96464012508648
536,1537,Coralie Thirst,40.712302091894756,-73.99659544858048
537,1538,Mannie Sporle,40.70640452348212,-73.99024377906125
538,1539,Isaiah Reinger,40.74193085070589,-73.95272478648579
539,1540,Barthel Pagitt,40.682991535301746,-73.98401543697435
540,1541,Cynde Raff,40.68145169160494,-74.0046714998601
541,1542,Germayne Lothean,40.76121958420996,-73.99730151756039
542,1543,Caty Batchan,40.69128236081125,-73.99593634559355
543,1544,Harri Melia,40.7294138316622,-73.95938030530853
544,1545,Mirella Sextone,40.70673767841,-73.95633406827295
545,1546,Christel Westall,40.7325948597523,-73.97060075301395
546,1547,Silvana Carlisso,40.68948171974218,-74.01069866714437
547,1548,Mark Newell,40.68107900523915,-74.01351407277049
548,1549,Patty Opy,40.7690337806862,-73.96080571179435
549,1550,Adda Barks,40.6964418533262,-73.95086007819302
550,1551,Alexis Kamena,40.71100586918652,-73.97807139807918
551,1552,Brady Minnock,40.73727543406185,-74.0102581207656
552,1553,Romona Attard,40.6940804660682,-74.01614323915449
553,1554,Kellen Androli,40.74703121288108,-73.96202173017568
554,1555,Selma Lumsdall,40.707143042523306,-73.99188518198014
555,1556,Janifer Kevane,40.745366003221875,-74.01147224126846
556,1557,Sibylla Eastcourt,40.68525724159411,-74.00116207263497
557,1558,Ev Linster,40.748062609367956,-73.99536833526287
558,1559,Danella Normanton,40.76125586031614,-73.99835610962015
559,1560,Gratiana Bryer,40.7498515827055,-73.97717251691797
560,1561,Shoshanna Crewe,40.69426350175293,-73.99996586029724
561,1562,Anson Belchem,40.7312495215189,-73.98736155810322
562,1563,Merilee Gandy,40.7659315592609,-74.00071161184128
563,1564,Angelika Wasmer,40.748137448965196,-73.99920983114977
564,1565,Imojean Foat,40.7484400308253,-73.97848961897574
565,1566,Lindi Hollows,40.75171960196609,-73.98641748061067
566,1567,Billie Wheal,40.707621223519276,-73.98177199298252
567,1568,Dietrich Corstan,40.69786185002857,-74.00440753756801
568,1569,Hamilton Runge,40.687199602751164,-73.99044619826476
569,1570,Genni Blanque,40.75431180752994,-73.9960807903354
570,1571,Worthy Follit,40.73198108148241,-74.0117443005854
571,1572,Clementia Pitblado,40.76543165718969,-73.96268208848852
572,1573,Debera Sandhill,40.750523471421026,-74.005867023301
573,1574,Pen Walcar,40.76047334174143,-73.95170688518574
574,1575,Ignacius Ulyet,40.76741946287504,-73.95659310156731
575,1576,Thatch Jerzyk,40.74250422131919,-73.9893605133083
576,1577,Gamaliel Anan,40.74754417087003,-73.95951401959242
577,1578,Jenn Broadbury,40.72295578680702,-74.01602127073478
578,1579,Simmonds Stolle,40.70683138891917,-73.97005370038273
579,1580,Helga Prescote,40.75132983487248,-74.01453520699616
580,1581,Tabatha Ferandez,40.70463706341669,-73.9895126135182
581,1582,Charlotta Harring,40.69561104129887,-73.97917527778539
582,1583,Cristin Frears,40.7059147885022,-73.95009729282965
583,1584,Carleton Costy,40.71369840204613,-73.9912223136864
584,1585,Fredek Goodhand,40.75605930805408,-73.95526496290125
585,1586,Emmaline Ivshin,40.72168962651055,-73.98078073953711
586,1587,Stormy Bater,40.76333750108358,-73.99974019273573
587,1588,Oralee Hugett,40.68386902303711,-73.98291570171774
588,1589,Tuesday Kee,40.702179116812175,-73.972149340966
589,1590,Granville Skeat,40.72276603557874,-74.00007554543622
590,1591,Evangelina Pelfer,40.72198901118912,-73.98857948956882
591,1592,Sam Kuhlmey,40.70613710637114,-74.00728318754109
592,1593,Karly Gerok,40.70578917074729,-73.96756854278517
593,1594,Josephina Meeron,40.71912834723541,-73.96274002260824
594,1595,Moira Shearwood,40.7062004037236,-74.00213765418462
595,1596,Beryl Fatscher,40.683007103604346,-74.0014821033202
596,1597,Lind Diwell,40.692504839774394,-73.96137696185221
597,1598,Marline McConachie,40.751391838645254,-73.96273968593553
598,1599,Deedee McConachie,40.707298544348156,-74.0154839864456
599,1600,Franny Priestley,40.74176515265984,-73.96611912169725
600,1601,Alika Crimmins,40.73075873609374,-73.97530144396984
601,1602,Harlen Piscotti,40.74327183086189,-74.0079158592274
602,1603,Janice Swane,40.74639860901631,-74.01097435304989
603,1604,Hurley Esilmon,40.732376750166345,-74.00457585280147
604,1605,Denise Heinzel,40.75440289581687,-73.98894020354894
605,1606,Lucinda Penrice,40.680829296823255,-73.97985511958638
606,1607,Corabelle Diboll,40.759369712251434,-73.96183143687381
607,1608,Terrie McLane,40.74133717945585,-73.95105816264426
608,1609,Wendeline Gouge,40.73811815056201,-73.95375325123504
609,1610,Hermon Vallance,40.69894610716305,-74.00251860065339
610,1611,Susannah Messier,40.70638422972957,-73.95871182995661
611,1612,Eben Ruslen,40.69041622335616,-73.9709866374674
612,1613,Cristobal Widdocks,40.71678868006974,-74.01037951031827
613,1614,Baxie Pattlel,40.72562549873146,-74.01331130962676
614,1615,Phylis Jouanny,40.711979425412785,-73.97463255361995
615,1616,Aimee Junkinson,40.71457270238281,-73.98713864123737
616,1617,Packston Esh,40.70214780695563,-73.99317027064626
617,1618,Marc Vahey,40.76309809992754,-73.96175257861367
618,1619,Hunfredo Readwood,40.74570949227348,-73.96072971813496
619,1620,Von Lewcock,40.72181725729723,-74.01055739093654
620,1621,Hattie Starford,40.750514096655714,-73.96412456111997
621,1622,Baillie McKibben,40.71709483895898,-73.99062077398706
622,1623,Burlie Neachell,40.69523915199186,-74.0070542297457
623,1624,Berty Beckworth,40.708105861992884,-74.01503033578042
624,1625,Derward Pagin,40.76198066620897,-73.99503261807243
625,1626,Marjory Blaber,40.68459371937079,-73.96845283232885
626,1627,Leanor Freschini,40.68247294697377,-73.96370144850826
627,1628,Mitchael Eliez,40.6974691825106,-73.99485994532496
628,1629,Avril Amsden,40.68062563530243,-73.97394451785739
629,1630,Viole Pingstone,40.68271898036356,-73.99154053032694
630,1631,Connor Sturch,40.71292750314649,-73.95822397690955
631,1632,Donnamarie Rief,40.72365364927069,-73.9820837528241
632,1633,Isabelita Elvidge,40.72388014343723,-73.99606716052632
633,1634,Claudina Sobey,40.75010018023536,-73.96456757154144
634,1635,Trenton Brounsell,40.74387745924982,-73.9636800970217
635,1636,Chicky Bowich,40.72344165050149,-73.95899379684518
636,1637,Blaire Comettoi,40.694491841078616,-73.97755597999992
637,1638,Jacquelin Gorioli,40.68111996773896,-73.99269643467393
638,1639,Tommie Hazelby,40.704318186434136,-73.9501744031639
639,1640,Kelly Mawd,40.75385057946566,-73.95762341197776
640,1641,Renata Wombwell,40.70825833506527,-73.96484874117428
641,1642,Douglas Peirone,40.72194721803261,-74.0042257513822
642,1643,Denny Wilkowski,40.73300198052129,-73.97785307510338
643,1644,Freddy Reith,40.73283858405636,-73.97540525321016
644,1645,Bertie Sharp,40.711684685143,-74.01626588587933
645,1646,Powell De Marchi,40.68861556284789,-73.96966325219307
646,1647,Karalee Poltone,40.681857745176025,-73.98727891211584
647,1648,Marlyn Bediss,40.743802636819694,-73.97433809132053
648,1649,Drusy Georger,40.76844116732926,-73.97218524299159
649,1650,Joelle Thom,40.75905635572186,-74.00898240129648
650,1651,Esta Stranieri,40.681258816035566,-74.01440670611379
651,1652,Celestyna Platt,40.75382453147336,-73.97528738673016
652,1653,Cristobal Waison,40.6819874430997,-73.95475853390184
653,1654,Jermain Varley,40.74387717223639,-73.99583732263022
654,1655,Zebulon Strickland,40.69003799442067,-73.95650502470913
655,1656,Sinclair Raveau,40.715160379233076,-73.98061337718765
656,1657,Alfy Matussow,40.6811236475404,-74.00668931761602
657,1658,Nessy Wilbore,40.769734649027065,-74.0169156349098
658,1659,Noah Bulch,40.70637489488455,-73.9890414565146
659,1660,Carlene Alcide,40.7315515511926,-73.99562685587672
660,1661,Becky Dufty,40.713707410822465,-74.0106414247542
661,1662,Jimmy Matt,40.76615119692866,-73.97121489127001
662,1663,Thorn Lynagh,40.740200054795736,-74.00781199175381
663,1664,Yulma Keogh,40.754133122244724,-73.96671470698048
664,1665,Timothea Pollins,40.72029386153604,-73.99013884652597
665,1666,Roger Cracoe,40.694632051380445,-73.99258507054913
666,1667,Liza Gummer,40.70184487629274,-74.00015181683517
667,1668,Portia Schoular,40.70922772074998,-73.96188976096003
668,1669,Averill Knapp,40.76399707378199,-74.0026148018936
669,1670,Angy Gerner,40.72317357677193,-73.95576583322139
670,1671,Revkah Stoggell,40.72551293393067,-73.95577804781365
671,1672,Marcella Abeles,40.75775022566055,-74.0021812143832
672,1673,Cathlene Timblett,40.756508733073495,-74.00570433831312
673,1674,Dore Pudden,40.763083601692585,-74.00158928420394
674,1675,Ann-marie Fitzgerald,40.712379350161235,-73.97831440438632
675,1676,Lissi Cunniam,40.69534221928294,-73.987366341751
676,1677,Toinette Summons,40.76736098537892,-73.98653324042984
677,1678,Fawne Fishbie,40.70769992886829,-73.98520787685852
678,1679,Filmer Idel,40.758838639051916,-73.97267629632942
679,1680,Ferd Freschi,40.7303395462248,-73.9737854683677
680,1681,Agnese Benezet,40.692042959312865,-73.95454703094063
681,1682,Pat Benedtti,40.73115189333842,-73.96835385797732
682,1683,Trina Ford,40.69389567848582,-74.01419809125062
683,1684,Gerick Batson,40.766428343710416,-73.97733641376114
684,1685,Vinni Dobney,40.682129300455266,-73.96781169352793
685,1686,Thebault Aronov,40.72925281252591,-73.97989844168988
686,1687,Chrisse Petheridge,40.74945210538583,-73.97278198113509
687,1688,Lewie Kliesl,40.746896015858994,-73.96743081638724
688,1689,Yettie Nerheny,40.7131081573818,-74.00161953265702
689,1690,Walton Labeuil,40.761142098158714,-73.95632390154273
690,1691,Georgianne Anyon,40.75142715047461,-74.00159862854834
691,1692,Katinka Lucia,40.73732963141834,-73.98019170735925
692,1693,Susette Penniell,40.73154223370202,-74.0123715064027
693,1694,Lavena Greasty,40.70760671965853,-73.99574108930248
694,1695,Debor Bridgett,40.76536228031921,-74.00853238773855
695,1696,Siward King,40.737177436908006,-73.98100349729701
696,1697,Cristi Nevinson,40.763231559000474,-73.98968448984921
697,1698,Livvie McGibbon,40.74135896815021,-73.9919070194503
698,1699,Codie Kennaird,40.7281925957453,-73.97288596826219
699,1700,Ev Penner,40.76508101419214,-73.96415316706371
700,1701,Lothario Yarranton,40.71088810924882,-74.01666392207203
701,1702,Latashia Kynaston,40.72222974458188,-74.00449952902893
702,1703,Terrell Daintree,40.762523212779364,-73.95401265438971
703,1704,Lorne Newborn,40.7302616778067,-74.00739959607826
704,1705,Jarred Saylor,40.76358697321174,-73.9750235076519
705,1706,Eugenio O'Glessane,40.717218335943876,-73.96078172859046
706,1707,Jilly Mulligan,40.727371143412654,-73.96021204092793
707,1708,Felita Perton,40.71025073963761,-73.95484714502084
708,1709,Angel Fernez,40.73267099442923,-73.97319401446961
709,1710,Kassia Meak,40.766149008051066,-74.00516347694281
710,1711,Lucita Crass,40.700751717719506,-73.95451002857163
711,1712,Nicola Currer,40.69605317870718,-73.96927093894205
712,1713,Brod Starmore,40.75815080466077,-73.95406247240211
713,1714,Fernandina Christofides,40.725834353756966,-74.00229596773774
714,1715,Saidee Tomaszek,40.72991410606867,-73.97605030126
715,1716,Cleopatra Andreini,40.757037257048644,-73.99638601356833
716,1717,Mellisa Kobiela,40.748113089897004,-73.96135632735142
717,1718,Wash Ganderton,40.698253136940394,-73.97552796274968
718,1719,Damien Hebbard,40.746948118770526,-73.95834747058659
719,1720,Dasya Harbard,40.70372590722623,-73.99052154520525
720,1721,Bradly Poynzer,40.76451487877682,-73.9959357591573
721,1722,Cammi Bairnsfather,40.73365818226559,-73.98165773491138
722,1723,Sibyl Artindale,40.69079097532771,-73.95766083480125
723,1724,Coleman Bauckham,40.756908396899114,-73.99976782712174
724,1725,Darcy Pryell,40.7204236416027,-73.97102850197899
725,1726,Heidie Grigson,40.711059252567324,-73.95060240235362
726,1727,Zena Lough,40.698989057232495,-73.9982706799667
727,1728,Kaine McFarlan,40.73864419663397,-73.96914117639257
728,1729,Nola Haill,40.76938270353011,-73.95694670414203
729,1730,Malena Southerns,40.7260809191079,-73.97963586959136
730,1731,Julee Gower,40.75403181346275,-73.97255497805652
731,1732,Ives Palethorpe,40.70937761150031,-74.01661844828838
732,1733,Bernardine Froome,40.73342962286643,-73.95757991978674
733,1734,Hadleigh Doret,40.769948822570015,-73.96562694008564
734,1735,Huntlee Redihough,40.74819629411271,-73.95685676397802
735,1736,Axel Bootell,40.69346982137936,-73.98518627762958
736,1737,Paige Elgood,40.708767913330874,-73.98477157388047
737,1738,Pebrook Moverley,40.761068932457306,-74.00434726823707
738,1739,Maria Billiard,40.68491193910293,-73.96376592346327
739,1740,Sherri Smitton,40.74526891106815,-73.99212668687989
740,1741,Merrilee Wimbury,40.715288940319276,-73.97080140945768
741,1742,Mel Gauchier,40.71069359436,-73.9640039920251
742,1743,Bren Bertholin,40.71804864169,-74.01174068669194
743,1744,El Hillam,40.71196467428566,-73.96443251347903
744,1745,Reine Cotgrave,40.7361073646498,-73.95122786603827
745,1746,Briano Smails,40.72435357935549,-73.9567460983973
746,1747,Jaquith Samsworth,40.70321845412302,-73.95873305215433
747,1748,Allan Damrell,40.74858125341787,-73.95270215322753
748,1749,Hendrick Thairs,40.748921352449216,-74.01620711139093
749,1750,Stevy Sansome,40.73405615087715,-74.0105088700143
750,1751,Agatha Alpes,40.755844559805425,-74.00370587794383
751,1752,Melvyn Peasegod,40.71067574078278,-73.95273364677301
752,1753,Manny Boylin,40.70291170756396,-73.9863839460175
753,1754,Clair Morritt,40.73682400637496,-73.97055703571976
754,1755,Sigrid Gregory,40.72304142043349,-73.9966630724157
755,1756,Lauraine Willder,40.752104555511806,-74.008933748532
756,1757,Claresta Salthouse,40.721072318445074,-73.9739330826248
757,1758,Caty Thompstone,40.7303870605695,-73.95737741327409
758,1759,Nathalie Chafer,40.68886802376564,-74.0127608092162
759,1760,Ethan McKendry,40.712814781045175,-74.00313379774217
760,1761,Berky Amphlett,40.696296259793044,-73.96918762240077
761,1762,Aileen Asson,40.715429532790445,-73.96174490971588
762,1763,Barbe Yashunin,40.73014231833974,-73.96467660307904
763,1764,Janette Guppie,40.74520120828949,-73.97814972287988
764,1765,Mirelle Boon,40.71742011434916,-74.0085108104802
765,1766,Candi Weeks,40.703712884420206,-73.99955099473354
766,1767,Eydie Harvatt,40.70069890283755,-74.00319345532499
767,1768,Cesaro Irvin,40.73379762704476,-73.95538146088508
768,1769,Hillery Icom,40.741212717193996,-73.99707895761263
769,1770,Cindee Copestick,40.75381486876903,-74.01615685507596
770,1771,Delano Jarry,40.70149141648291,-73.98656558939749
771,1772,Mavra De Winton,40.697618241637095,-73.99967806320964
772,1773,Vanessa Milward,40.70305974073194,-73.98086346747822
773,1774,Horst Ruckhard,40.694404720233045,-73.9758947383702
774,1775,Cthrine Farfalameev,40.71451651037675,-73.98997801959585
775,1776,Prudy Hosby,40.74239270750339,-74.00323086957059
776,1777,Jervis Martinat,40.7657208800226,-74.00765700779628
777,1778,Jaymie Borrowman,40.70706925267317,-74.01329620317048
778,1779,Shaun Boadby,40.705596715035604,-73.98881124026498
779,1780,Karoly Talmadge,40.7193920358329,-73.97875982669579
780,1781,Janine Lunney,40.7134611023813,-73.9897694492377
781,1782,Filmore Ends,40.764155911951924,-73.97661525458085
782,1783,Cristen McDarmid,40.69958001665142,-73.97335088731501
783,1784,Addison Grene,40.684713980947905,-73.95025556039153
784,1785,Madelaine Starkey,40.7483041147888,-73.96752682443417
785,1786,Cheri Neissen,40.697084864040626,-73.96376415932508
786,1787,Flo Glasscoe,40.69893987796607,-73.96770926018434
787,1788,Haywood McMylor,40.747795528738564,-73.98261415040533
788,1789,Mari Spellissy,40.690158159075956,-73.95945820553973
789,1790,Stormy Cowin,40.7137297340559,-73.95251236451503
790,1791,Jecho Arnald,40.738653501067944,-73.99002001273443
791,1792,Bradford Spencer,40.72630666618733,-73.999485586518
792,1793,Agathe Clover,40.740693146179645,-73.95587670104032
793,1794,Darby Tebbut,40.75852781439899,-73.95776753412693
794,1795,Bernardine Danett,40.75048650630964,-73.9926862513435
795,1796,Dalston Di Franceshci,40.72885534295634,-73.97393446710053
796,1797,Deloria Sendall,40.70720191602378,-73.95644511936689
797,1798,Way Wedlock,40.70341162162609,-73.95907898781297
798,1799,Stephi Downes,40.73840931487241,-73.98613204027555
799,1800,Phyllys Maccrie,40.707982847788536,-74.0012235475635
800,1801,Gallagher McAdam,40.72556792261005,-73.97810870154942
801,1802,Rockey Engledow,40.72117983118394,-74.00967266328955
802,1803,Alessandra Zieme,40.755976812664954,-73.99268055464731
803,1804,Quent McTerrelly,40.73103646138847,-73.96566505660134
804,1805,Cad Coil,40.68243313859948,-73.9963680044775
805,1806,Wang Harkes,40.76520345228365,-74.0065319986249
806,1807,Godart Backes,40.682641765044266,-73.99692106953424
807,1808,Buck Swadlen,40.76454742806888,-73.96508854825277
808,1809,Selina Arboine,40.71670223952606,-74.01438606274645
809,1810,Karrie Gilffilland,40.742001119540554,-74.01431572864504
810,1811,Reamonn Richardt,40.76878014484491,-73.99606550888068
811,1812,Che Allflatt,40.710551783636156,-73.99639722554333
812,1813,Quintina Bolliver,40.76603444832802,-73.99765123869783
813,1814,Angie Wafer,40.77001722045124,-73.95418858418181
814,1815,Thedrick Tremmel,40.70716002589958,-73.98707102092196
815,1816,Marge Huby,40.75985035617157,-73.98053238251138
816,1817,Sherilyn Mcettrick,40.725777589404906,-74.00272125320876
817,1818,Fax Charley,40.743960457915094,-73.97712164889647
818,1819,Karissa Dunnion,40.710833746275945,-73.95591489696884
819,1820,Eimile Voas,40.69334650449775,-74.01167259600214
820,1821,Rollins O'Doogan,40.69691196184426,-74.00725132589842
821,1822,Maryjo Eustace,40.703942893459605,-74.01247433582203
822,1823,Fabien Peskett,40.745803305233274,-74.01297730150903
823,1824,Neel Dreng,40.71349551860146,-73.9543137524179
824,1825,Shanta Curle,40.70488952186639,-74.00862633475882
825,1826,Alex Thorn,40.76553104594866,-73.97300069016708
826,1827,Jacintha Kimmerling,40.73076438994084,-73.98236592560774
827,1828,Erinn Van der Brug,40.714456611185426,-73.95472173397741
828,1829,Halli Shouler,40.726201703067055,-74.00220056807754
829,1830,Sofia Comoletti,40.712548818548704,-73.98272720619946
830,1831,Lacee Venmore,40.76086848898872,-73.9977443026189
831,1832,Larissa Roundtree,40.75804845363993,-74.00003491686954
832,1833,Buckie Dudek,40.745310331651524,-73.98039157283608
833,1834,Guglielmo Tytcomb,40.70762725630686,-74.0101068109262
834,1835,Mayor Grayham,40.75625544148735,-73.9906557692128
835,1836,Mallory Donat,40.74827126013014,-73.96012034711995
836,1837,Robenia Gwillim,40.75875624940944,-74.00849726783716
837,1838,Bryn Stagg,40.756715218640096,-74.01199427941438
838,1839,Cy Drewery,40.69026594338998,-73.9768463302596
839,1840,Giana Crozier,40.69065953105204,-73.98702859706755
840,1841,Laughton Stirgess,40.70578258009507,-73.97009500425942
841,1842,Ania McVee,40.769124771836324,-73.98640170798322
842,1843,Brigid Peyntue,40.74027545781375,-73.97791743695649
843,1844,Harald McReynold,40.75778653104546,-73.96238963169768
844,1845,Adolf Schlagh,40.71193174934311,-73.98641894174669
845,1846,Barnard Slaughter,40.73789780548502,-74.00197110669157
846,1847,Rancell Grossier,40.7643551963133,-73.96640334059339
847,1848,Walden Voce,40.7210288407604,-74.00597085122061
848,1849,Yasmin Edgin,40.724017340978314,-73.99416145247541
849,1850,Herminia Bernardini,40.747476969529444,-73.99943311464695
850,1851,Laughton Upton,40.75536097363549,-73.97003689293193
851,1852,Modesta Bellamy,40.71200596596568,-73.9528832201716
852,1853,Randie Guthrum,40.75604364827237,-73.98350729094416
853,1854,Marylin Gilling,40.72638162021823,-73.99847396812739
854,1855,Amitie Valintine,40.764291055802865,-73.99208660705902
855,1856,Britney Bernetti,40.71108397131518,-74.01331939978871
856,1857,Idette Choules,40.75209862684679,-73.96562277223596
857,1858,Cheri Siemandl,40.72555902965444,-73.99313290016485
858,1859,Orrin Mercer,40.726902325131825,-73.99833182776901
859,1860,Verney Hinkens,40.75717344291111,-73.98758223051833
860,1861,Jecho Halfpenny,40.73890198124092,-73.97870004930108
861,1862,Rasia Tivolier,40.70137557786154,-74.0087700715152
862,1863,Jodi Arends,40.7304758716852,-74.00523163459721
863,1864,Lindsey Blunden,40.719754393917526,-73.97281786284015
864,1865,Gerry Seamer,40.71701845079073,-74.01519833405402
865,1866,Phillis Hrihorovich,40.73069156906834,-73.98287892638488
866,1867,Tamma Borsnall,40.69726438749077,-74.00735679934652
867,1868,Beitris Meric,40.74962370929394,-74.00040848319469
868,1869,Ced Ilyin,40.73464639088431,-74.00036376301979
869,1870,Der Swanton,40.76499480467542,-73.97933799348738
870,1871,Melanie Seymer,40.68064378803813,-73.9525685079232
871,1872,Felipa Nutton,40.73314401253954,-74.0064195179691
872,1873,Amabelle Stell,40.70402243448716,-74.0105247106002
873,1874,Riley McClunaghan,40.70317291400311,-73.97174295115455
874,1875,Jonathon Mann,40.71701419179653,-73.98511590939438
875,1876,Lorinda Ioannidis,40.70353568494414,-73.99539256264383
876,1877,Sheree Quincey,40.70494430037705,-73.95165276633735
877,1878,Vicki Jakubovsky,40.73144752319175,-74.00410703433175
878,1879,Alexandros Pentercost,40.71981279795388,-73.96685658494961
879,1880,Jone Mathy,40.76341768719841,-73.96755880698977
880,1881,Missie Bexley,40.73868566655325,-73.96651232563758
881,1882,Layne Stratford,40.72118817430742,-73.99340195034866
882,1883,Caro Romayne,40.68431333333887,-73.96628204388564
883,1884,Tarra Skillen,40.75648405358479,-74.01241952676786
884,1885,Blinny Fewtrell,40.74591336108262,-73.97926838391069
885,1886,Horst Duling,40.763758472010956,-74.00431053652396
886,1887,Cindee Riddett,40.717853880156106,-74.0098135040074
887,1888,Norbert Pratley,40.759037364179036,-73.96353224865094
888,1889,Marissa Migheli,40.758619548602105,-73.99431316959323
889,1890,Verna Meynell,40.769848489721646,-73.97100046524794
890,1891,Nichole Kirby,40.73775013725434,-74.00159788266967
891,1892,Glori Slatcher,40.733220348783696,-73.95732756038767
892,1893,Angelina Leverentz,40.74880232248138,-73.97334937920328
893,1894,Rosabel Rides,40.734440249597526,-73.96363154598475
894,1895,Harwilll Ney,40.76446503062634,-74.01274438817758
895,1896,Genny Feldmesser,40.74142066508166,-73.9843105904052
896,1897,Aksel Grangier,40.726309131875276,-74.00168523702897
897,1898,Saundra Dade,40.70288609026471,-74.00389666653858
898,1899,Adrian Behnen,40.7294474630354,-73.97394031718899
899,1900,Reinold Gahagan,40.68200390582173,-73.9753270700036
900,1901,Zebulen Ellit,40.71629213627582,-73.98774181520244
901,1902,Lyon Petrillo,40.69537296468417,-74.014892897715
902,1903,Paula Waylen,40.69314908642968,-74.01437301602454
903,1904,Roberta Bakster,40.71979663345669,-74.01571146646093
904,1905,Jinny Sporgeon,40.74895226698758,-73.95132938498722
905,1906,Sydelle Shama,40.76338457419175,-73.95028128350867
906,1907,Hermine Thomke,40.72552872222315,-73.9804518318643
907,1908,Lavinia Castledine,40.741682762444924,-74.00087295308728
908,1909,Elysha Volks,40.763128798700095,-73.97346791999912
909,1910,Pasquale Trahmel,40.76419282889552,-73.95720008062244
910,1911,Lorette Lesslie,40.68657532580745,-73.98587811043026
911,1912,Kirk Pendre,40.68247928702811,-74.00855947627916
912,1913,Amalia Layus,40.72703269698059,-73.96720861431074
913,1914,Dinny Thake,40.758767301603044,-74.0111819015146
914,1915,Leonelle Kinnerley,40.74314508139073,-74.00979395838338
915,1916,Corena Bayly,40.73918827379036,-73.97680920792637
916,1917,Roscoe Milligan,40.76767716956362,-74.00559478026179
917,1918,Caprice Van der Kruis,40.733399912715946,-73.98859479004167
918,1919,Ame Rooson,40.712417597702796,-73.97562325134191
919,1920,Dorita Siemons,40.744968257218524,-73.99165771992283
920,1921,Hasheem Silbersak,40.73074398823381,-74.0061254348199
921,1922,Sydney Sollitt,40.720598663730385,-74.01058122722932
922,1923,Monti Woolard,40.73443531822203,-73.9747212960354
923,1924,Aurelea Aplin,40.7164033950514,-73.95580240071521
924,1925,Brigitta Lilley,40.70767681217863,-73.99593930996373
925,1926,Marchall Pancost,40.68672455611845,-73.9880175903819
926,1927,Silvano Cowdery,40.68046126291743,-74.00605754780088
927,1928,Diahann Jorry,40.7509112444565,-73.99404784334645
928,1929,Katya Deverick,40.76020673883947,-73.97197798685823
929,1930,Marlane Epperson,40.72603009232806,-73.9710153790815
930,1931,Roana Wilmore,40.68815241424991,-73.99865526576738
931,1932,Malvin Wyllt,40.746283636312604,-73.99929312570688
932,1933,Rhoda Addis,40.75869579525157,-73.99084343356593
933,1934,Raf De Maria,40.73592992379193,-73.97953277434888
934,1935,Erda Docwra,40.68210649247616,-73.97827564367012
935,1936,Tristan Gallifont,40.70953358098196,-73.98460390368876
936,1937,Nickolas FitzGibbon,40.70128330483627,-73.99381264084118
937,1938,Devondra Allam,40.72856014281131,-73.95342281277708
938,1939,Justine Fairhead,40.76657838672271,-74.00940417043488
939,1940,Lanita Beville,40.754213779058034,-73.95379835494614
940,1941,Denis Lempertz,40.7377472706077,-73.97923930785328
941,1942,Otto Garstan,40.69617720093926,-73.97671022989647
942,1943,Enrica Acedo,40.70791962869415,-73.99982493095652
943,1944,Griffie Vedikhov,40.70923250794866,-73.98399351160454
944,1945,Adi Petkovic,40.709013436057354,-73.9955387184103
945,1946,Heda Hercock,40.72844580044551,-73.95353258457166
946,1947,Fianna Font,40.69037129457514,-73.98558332401586
947,1948,Carita Royans,40.766175397996726,-73.95778001780806
948,1949,Astrix Rapley,40.76478500983752,-74.0013083144547
949,1950,Sergeant Ryal,40.714060898995676,-73.97340264129402
950,1951,Rodd Roman,40.7251911349585,-73.9785057111489
951,1952,Roda Lyttle,40.68914054089746,-73.98135008039611
952,1953,Marni Brion,40.74703880408112,-73.99306984507311
953,1954,Isidoro Newis,40.68440409711169,-73.99550090406025
954,1955,Gabie Reilinger,40.693042023951,-73.9844675091698
955,1956,Patin Cleary,40.68408158141551,-73.97670437166262
956,1957,Morlee Barthropp,40.741848273107514,-73.9908500287619
957,1958,Gabriell Fleischmann,40.75620206824038,-74.01021943863472
958,1959,Jaynell Dunkinson,40.70403170723637,-73.97436300595636
959,1960,Amery Cockle,40.7312258488922,-73.996432577937
960,1961,Adore Benning,40.695117205880784,-73.99917065098384
961,1962,Kym Seville,40.75698086065845,-74.01487991911817
962,1963,Buckie Caesar,40.76013854719401,-73.98172245427244
963,1964,Rriocard Wintringham,40.765942899270875,-74.00950068758395
964,1965,Crissy Rising,40.76882972084684,-73.97636788540103
965,1966,Oriana Hambrick,40.766743642765796,-73.96497998493085
966,1967,Jsandye Wormald,40.68075942027586,-74.00294165302607
967,1968,Keelia Caston,40.70711345414881,-73.98227040375544
968,1969,Brit Fetters,40.76405929358544,-73.9613967164538
969,1970,Caprice Dominici,40.73818586980355,-74.01006758902507
970,1971,Reiko Pickring,40.69364750660481,-73.9530315901153
971,1972,Abraham Hamal,40.73671395053717,-73.99336263313626
972,1973,Durante Scanderet,40.72990708714225,-74.01630370195299
973,1974,Malinda Rocco,40.7552740505343,-73.95348859525045
974,1975,Corrina Chavey,40.749543048281325,-73.967715974137
975,1976,Anatole Gallone,40.742585433692895,-73.95118786056997
976,1977,Seymour Allison,40.73973522089235,-74.00450807758386
977,1978,Babs Schwier,40.69723630979618,-73.95484565141517
978,1979,Amye Robens,40.738685048311766,-73.97655800466073
979,1980,Stevy Dinnis,40.74050086719696,-73.95875750683742
980,1981,Sydney Sillwood,40.75579005333447,-73.95130527242738
981,1982,Rhett Saxon,40.714772381661646,-73.97659874993639
982,1983,Dagny Berge,40.75398260805334,-73.98414373923636
983,1984,Burke Ruller,40.75796247444204,-73.9771556648526
984,1985,Tabor Woollends,40.74088318546591,-73.95938279269852
985,1986,Riane Partington,40.74174342789438,-74.01302554822945
986,1987,Brook Line,40.71680368046696,-73.99735062918943
987,1988,Marthe Tootal,40.753006408159784,-74.01504358543365
988,1989,Wallie Millichap,40.7051367020452,-74.00215926253155
989,1990,Mame Cucinotta,40.68845472003598,-73.9879413005149
990,1991,Kamilah Haynesford,40.73168592433064,-73.97286423387085
991,1992,Sholom de Clerc,40.6916240947224,-74.01457260266687
992,1993,Shem Digby,40.72526997648381,-74.0023104622204
993,1994,Bevin MacCallion,40.72475719867731,-74.01510382316431
994,1995,Percival Godsell,40.701058593036144,-73.9927327742973
995,1996,Milty Colebourn,40.71417678258512,-73.9796492772663
996,1997,Saundra Enns,40.75339944892669,-73.9794629686947
997,1998,Arielle Mouland,40.70272393081692,-74.01437346442154
998,1999,Svend Mandal,40.74589445534723,-74.00205163270317
999,2000,Judye Pollicott,40.68493395430699,-73.9985805167081
