id,user_name
1,Norby Maton
2,Winthrop Lawson
3,Claretta Spilstead
4,Tarrance Malinson
5,Timi Blazewski
6,Wyatan Ortiger
7,Chase Dilks
8,Hasheem Luckman
9,Carlotta Rumming
10,Marvin Stapley
11,Karolina de Chastelain
12,Hakim Linden
13,Maritsa O' Ronan
14,Cassi Carrack
15,Babbette Callway
16,Pattie Eschelle
17,Moira Chomiszewski
18,Adah Brade
19,Garret Bagby
20,Selinda Gauntley
21,Danette Strudwick
22,Jeremias Normavell
23,Booth Serck
24,Mabelle Battrick
25,Serge Seymark
26,Rakel Ellesworthe
27,Cassandre Brimming
28,Lanie Drivers
29,Myrna Persehouse
30,Daune Hoggan
31,Caressa Luckcock
32,Conrade Ferns
33,Egor Portlock
34,Sadye Heintzsch
35,Mike Raveau
36,Andonis Dyment
37,Jan Simyson
38,Josh Giller
39,Fonz Barniss
40,Ahmed Umpleby
41,Chad McClelland
42,Beaufort Mountjoy
43,Teddie Halifax
44,Odessa Rosen
45,Janna Thinn
46,Myrlene Coots
47,Woodie Lehr
48,Malvin Linzey
49,Stefa Thew
50,Judas Barrick
51,Eldon Raft
52,Selinda Munden
53,Baldwin Lindsay
54,Dugald Diaper
55,Jacquelynn Delafont
56,Welsh Sherar
57,Val Stanlock
58,Sumner Dainty
59,Phebe Mounsie
60,Terence Ferron
61,Tiebout Mallabar
62,Leandra Gludor
63,Victoir Shipcott
64,Benjie Giacomi
65,Corbin Bleeze
66,Lesley Mahood
67,Oates Bonome
68,Kelsey Fynan
69,Marylynne Mahaddy
70,Katalin Flori
71,Schuyler Gowdy
72,Shermie Franzel
73,Archer Kroin
74,Betta Kerswell
75,Lita Blazic
76,Normand Lancashire
77,Odella Iffe
78,Gaylor Leddie
79,Mollie Blazej
80,Jena Arboin
81,Thorsten Dyball
82,Birk Fishly
83,Leigha Ashley
84,Boigie Ormesher
85,Nollie Germon
86,Joe Olenov
87,Bryon Jovic
88,Arlie Hanhart
89,Dionne Saines
90,Patten Dacca
91,Rog Haynesford
92,Toiboid Vasilyonok
93,Dougy Cromie
94,Antonin Matokhnin
95,Vincent Hanselmann
96,Hortensia Melan
97,Audi Burdge
98,Maitilde Carnegy
99,Elias Crouch
100,Nelie Dorant
101,Alvie Exer
102,Jen Duckels
103,Ced Boydle
104,Barbette Yegorkin
105,Drucie Kirsch
106,Mercedes Birkmyre
107,Boy Sisselot
108,Aleece Rosen
109,Joachim Hansel
110,Nevile Melloi
111,Ruperta Measures
112,Denney Boylan
113,Gerladina Akenhead
114,Faun Mulchrone
115,Gilli Lukins
116,Lira Dancer
117,Millicent Callaway
118,Caria Charrette
119,Sasha Buntine
120,Blisse Erb
121,Ingeberg Gardiner
122,Ermina Sandeson
123,Cilka Rayworth
124,Sadella Jaggers
125,Michaelina Maltster
126,Morley Ilett
127,Roze Fleckno
128,Kinny Lazarus
129,Boote Caslett
130,Justine Wissbey
131,Reba Tavinor
132,Abba Legen
133,Chance Cran
134,Barclay Huriche
135,Tamra Van Merwe
136,Irvin Enderson
137,Sholom Fomichyov
138,Lisabeth Brisland
139,Malvin Lumbers
140,Jo-ann Buye
141,Worthy Sarjeant
142,Hayward Altree
143,Dane Brough
144,Sela Akram
145,Daisey Tunna
146,Angie Creggan
147,Patsy Masterton
148,Ebonee O'Clery
149,Ag Bratty
150,Debi Skyner
151,Sander Olivetta
152,Sayres Remmer
153,Ida Walcher
154,Thalia Shipp
155,Paxton Broseke
156,Morena Eddison
157,Bendicty Baalham
158,Davidde Ratnage
159,Lois Ferron
160,Ardelia Sarrell
161,Boy Chesley
162,Rogerio Dollar
163,Davidde Stringman
164,Conchita Mebes
165,Diane Astbury
166,Mychal Rothery
167,Rosalyn Oulett
168,Chloe Rodnight
169,Andonis Meadway
170,Lewiss Elderton
171,Mandi Brito
172,Feodor Joyner
173,Tabbi Wildgoose
174,Bevan Badcock
175,Kare Prestland
176,Inger Barkess
177,Lay Nowell
178,Portie Goldsby
179,Essy Treece
180,Elsa Fright
181,Rhiamon Hagley
182,Othelia Ianinotti
183,Rogerio Daleman
184,Jocelin Philippet
185,Garik Largan
186,Kahaleel McCamish
187,Cyndie Fozzard
188,Merry Sessuns
189,Judah Crichton
190,Shir Riggey
191,Reginald Giraldez
192,Georgine Tutt
193,Patrizia Middler
194,Pauly Cuddon
195,Fanchette Wayte
196,Luigi Cammidge
197,Tate Sambidge
198,Grover Smallpiece
199,Shani Drewet
200,Rasla Bynold
201,Birch Mathis
202,Louie Kermott
203,Travis Phonix
204,Adel Hellikes
205,Kile Spaughton
206,Putnam Bonde
207,Marlyn Lambregts
208,Fredericka Teers
209,Abbie Normanville
210,Hobey Delbergue
211,Paco Phython
212,Jehu Conboy
213,Daryle Methingam
214,Teresa Chmiel
215,Saleem Swanston
216,Lennie Milley
217,Audrie Samart
218,Lucia Wilne
219,Iver Dixie
220,Harman Santore
221,Allis Videan
222,Alisa Gillyett
223,Dex Lease
224,Dani Kalker
225,Kain Humbles
226,Fernando Achromov
227,Rafferty Molineux
228,Juliet Lieb
229,Sergei Butchers
230,Quill Habron
231,Tracey Gimenez
232,Garrot Grundell
233,Alaric Ducrow
234,Remy Zorzoni
235,Noellyn Bogie
236,Garnette Garrelts
237,Amitie Dugue
238,Lyssa Woodwing
239,Ainslee Aneley
240,Abbot Kassman
241,Quent Lindermann
242,Darline Motton
243,Maryanne Laytham
244,Keefe Radleigh
245,Henderson Heild
246,Donall Pearcey
247,Kellyann Jakobssen
248,Mack Talmadge
249,Audrye O'Shea
250,Cherrita Swinfon
251,Ashien Muncey
252,Mathian Dimnage
253,Harrietta Swyer
254,Gillan Jenney
255,Mel Simeoni
256,Jedidiah Canham
257,Lindsey Witherington
258,Christoph Duplain
259,Nicolas Boggs
260,Danita Romaine
261,Angelika Bache
262,Broderick Heathfield
263,Austen Baudi
264,Elihu Chess
265,Dode Gentle
266,Fabian Perassi
267,Yolane Martinho
268,Esmaria Tredget
269,Codi Tuminini
270,Ilka Brydie
271,Maxy McGarva
272,Kippar Doak
273,Gayleen Iiannoni
274,Ferne Ralph
275,Lindi Brundell
276,Stefanie Peters
277,Renie Stenhouse
278,Wash Scotchforth
279,Ellynn Woodnutt
280,Cristen Masi
281,Lucas Livingston
282,Josey Arsey
283,Wesley Dabinett
284,Agustin Erickssen
285,Colline Poundford
286,Inessa Olczak
287,Fabiano Pugh
288,Coral Renvoys
289,Roxanna Keningley
290,Karlyn Linskill
291,Angelo Lauder
292,Norene Donati
293,Brad Middlemiss
294,Charlotte Ogus
295,Jacenta Von Der Empten
296,Roland Shields
297,Tanny Lillow
298,Meredithe Berthomier
299,Courtnay Tee
300,Cary MacEntee
301,Arnold Caldero
302,Catarina Kingsnorth
303,Theressa Espina
304,Troy Titt
305,Patrice Buscombe
306,Darla McBryde
307,Wolfgang Greenin
308,Scarface Garbott
309,Lynnell Houndesome
310,Silvia Spira
311,Carolann Panyer
312,Ryan Lougheid
313,Ira Harrhy
314,Zedekiah Oulner
315,Der Mount
316,Brianne Beumant
317,Leonore Grendon
318,Kathryne Mellon
319,Byrann Mounsey
320,Hyatt Dran
321,Jamima Elesander
322,Julienne Petkovic
323,Cristobal Lamy
324,Eliza Trump
325,Clare Standen
326,Wilmar Vickerstaff
327,Lothario Durdle
328,Mignon Gurney
329,Fonzie Hulcoop
330,Kitti Oxbury
331,Ynez Jauncey
332,Renae Pentercost
333,Augy Cardillo
334,Kaycee Sterzaker
335,Blithe Beinisch
336,Florida Boeter
337,Cody Lee
338,Odo Burnsall
339,Goddard Torre
340,Ced Snashall
341,Dominik McLelland
342,Tierney Klemz
343,Dita Milkin
344,Rutger Trott
345,Tobe Baine
346,Alysa Masterton
347,Shandeigh De Ambrosi
348,Barth Bussens
349,Jacques Habbijam
350,Pansy Arno
351,Ryley Satterlee
352,Jacobo Curtayne
353,Maximilien Oosthout de Vree
354,Farley Rich
355,Ruy Pannett
356,Willow Stailey
357,Melisenda Caulder
358,Olivia Hulmes
359,Bryn Alu
360,Melany Gerardot
361,Ruy Pohl
362,Marlie Bonaire
363,Ronalda Sneesbie
364,Maury Lacaze
365,Philip Mustchin
366,Magdalena Manley
367,Agna Bohlens
368,Harper Ivashkin
369,Lynette Brownlea
370,Lin Diwell
371,Clareta Riggert
372,Craggy Schwand
373,Angelika Witherden
374,Josy Yurkevich
375,Didi Bartolacci
376,Laural Leve
377,Meg Sannes
378,Aurora Vann
379,Fabien Kersting
380,Aland Halligan
381,Jamaal Cruxton
382,Drucill Artinstall
383,Bryce Jankin
384,Bessy Scardafield
385,Melba Briffett
386,Germain Kix
387,Bartholomew Tugwell
388,Alyce Rennox
389,Tedman Tuther
390,Toni Sandall
391,Brade Lott
392,Amargo Wycliffe
393,Chelsea Hurdman
394,Alasteir Reddecliffe
395,Cleavland Giovanetti
396,Lidia Littlekit
397,Hunt Po
398,Meredith Stanistrete
399,Jaymie Bartomeu
400,Amye Baines
401,Marco Beartup
402,Nichol Tharme
403,Sophia Tabord
404,Ingar Ungaretti
405,Jacquetta Fearnyough
406,Susannah Blabber
407,Kali Arlott
408,Bernard Kitchiner
409,Blinny Blurton
410,Andros Innman
411,Barney Perazzo
412,Jackqueline Phillpot
413,Carlita Brownbill
414,Claudetta Deniskevich
415,Lynnette Van Eeden
416,Agosto Storer
417,Marylynne Jouandet
418,Gorden Ivett
419,Kendrick Burkhill
420,Janeen Brocks
421,Blair Bourdel
422,Aeriell Dyne
423,Corey Edinborough
424,Atlanta Semaine
425,Lena Eason
426,Ranee Kershaw
427,Steffi Yirrell
428,Biddie Rains
429,Beau Thebe
430,Ebenezer Harnott
431,Osmund Portwaine
432,Raye Fullylove
433,Vicki Ricoald
434,Glenn Canacott
435,Marysa Druett
436,Brandea Hackly
437,Jefferey Kennerley
438,Margo MacAlpine
439,Terrance Collicott
440,Byrle Rothwell
441,Auberta McArthur
442,Berta Georghiou
443,Inge Greenroa
444,Tadio Wattisham
445,Pincas Stennett
446,Emmet Killbey
447,Clerc Gillson
448,Shelley Lambdin
449,Lorraine Tomadoni
450,Georgie Petrol
451,Tirrell Mustchin
452,Sheela Girardi
453,Maddie Greber
454,Daniel Stanworth
455,Corella Fitzer
456,Beitris Mayhou
457,Joey Greenwood
458,Adoree Jeffry
459,Mason Hovy
460,Jenni Bandiera
461,Schuyler Riddel
462,Marsiella Medlen
463,Cody Gourdon
464,Ernst Forten
465,Sandra Huscroft
466,Abagael Goodridge
467,Anne-marie Fullager
468,Huberto Pastor
469,Laryssa Fennelly
470,Susanna Sponton
471,Anabella Purcell
472,Rice Vogeler
473,Brittan Willcox
474,Audre Gonsalo
475,Reece Bleesing
476,Kaila Girt
477,Moise Matei
478,Jennette Shurlock
479,Zeb Kelsow
480,Ricki Purtell
481,Enrique Andreotti
482,Ceciley Trazzi
483,Jobi Duplan
484,Samson Lob
485,Merilyn Dawid
486,Wainwright Cosley
487,Karoly Wrenn
488,Othelia Grosvener
489,Penn Hazelby
490,Grace Witham
491,Freddie Corn
492,Dot Gladdin
493,Lancelot Fearby
494,Harmon Lydden
495,Jo Bansal
496,Carlynn Iveson
497,Auroora Dockrell
498,Desi Tew
499,Brittani Saffe
500,Laetitia Rockcliffe
501,Merill Burder
502,Chloette Connechy
503,Adena Tilburn
504,Cozmo Blower
505,Fionnula McInnes
506,Lane Faill
507,Noach Heald
508,Kerrie Tantrum
509,Marlyn Weston
510,Angelle Lazenby
511,Shoshanna Favela
512,Marcy Donizeau
513,Saleem Heymann
514,Rebecca Francisco
515,Dorthea Stanion
516,Tana Stenning
517,Trish Richichi
518,Robbyn Buckie
519,Gareth Gawen
520,Kayley Bradbury
521,Teador Trank
522,Cristin Shillitoe
523,Hinda Stamp
524,Rodrique Yukhtin
525,Hilly Rangell
526,Marni Demogeot
527,Emmett Lansdowne
528,Maura Herety
529,Lin Clash
530,Rosetta Gerriet
531,Gaultiero MacDuff
532,Karlotta Hassewell
533,Archibold Guillon
534,Bevon Perle
535,Cymbre Simmings
536,Barnard McCawley
537,Coralie Thirst
538,Mannie Sporle
539,Isaiah Reinger
540,Barthel Pagitt
541,Cynde Raff
542,Germayne Lothean
543,Caty Batchan
544,Harri Melia
545,Mirella Sextone
546,Christel Westall
547,Silvana Carlisso
548,Mark Newell
549,Patty Opy
550,Adda Barks
551,Alexis Kamena
552,Brady Minnock
553,Romona Attard
554,Kellen Androli
555,Selma Lumsdall
556,Janifer Kevane
557,Sibylla Eastcourt
558,Ev Linster
559,Danella Normanton
560,Gratiana Bryer
561,Shoshanna Crewe
562,Anson Belchem
563,Merilee Gandy
564,Angelika Wasmer
565,Imojean Foat
566,Lindi Hollows
567,Billie Wheal
568,Dietrich Corstan
569,Hamilton Runge
570,Genni Blanque
571,Worthy Follit
572,Clementia Pitblado
573,Debera Sandhill
574,Pen Walcar
575,Ignacius Ulyet
576,Thatch Jerzyk
577,Gamaliel Anan
578,Jenn Broadbury
579,Simmonds Stolle
580,Helga Prescote
581,Tabatha Ferandez
582,Charlotta Harring
583,Cristin Frears
584,Carleton Costy
585,Fredek Goodhand
586,Emmaline Ivshin
587,Stormy Bater
588,Oralee Hugett
589,Tuesday Kee
590,Granville Skeat
591,Evangelina Pelfer
592,Sam Kuhlmey
593,Karly Gerok
594,Josephina Meeron
595,Moira Shearwood
596,Beryl Fatscher
597,Lind Diwell
598,Marline McConachie
599,Deedee McConachie
600,Franny Priestley
601,Alika Crimmins
602,Harlen Piscotti
603,Janice Swane
604,Hurley Esilmon
605,Denise Heinzel
606,Lucinda Penrice
607,Corabelle Diboll
608,Terrie McLane
609,Wendeline Gouge
610,Hermon Vallance
611,Susannah Messier
612,Eben Ruslen
613,Cristobal Widdocks
614,Baxie Pattlel
615,Phylis Jouanny
616,Aimee Junkinson
617,Packston Esh
618,Marc Vahey
619,Hunfredo Readwood
620,Von Lewcock
621,Hattie Starford
622,Baillie McKibben
623,Burlie Neachell
624,Berty Beckworth
625,Derward Pagin
626,Marjory Blaber
627,Leanor Freschini
628,Mitchael Eliez
629,Avril Amsden
630,Viole Pingstone
631,Connor Sturch
632,Donnamarie Rief
633,Isabelita Elvidge
634,Claudina Sobey
635,Trenton Brounsell
636,Chicky Bowich
637,Blaire Comettoi
638,Jacquelin Gorioli
639,Tommie Hazelby
640,Kelly Mawd
641,Renata Wombwell
642,Douglas Peirone
643,Denny Wilkowski
644,Freddy Reith
645,Bertie Sharp
646,Powell De Marchi
647,Karalee Poltone
648,Marlyn Bediss
649,Drusy Georger
650,Joelle Thom
651,Esta Stranieri
652,Celestyna Platt
653,Cristobal Waison
654,Jermain Varley
655,Zebulon Strickland
656,Sinclair Raveau
657,Alfy Matussow
658,Nessy Wilbore
659,Noah Bulch
660,Carlene Alcide
661,Becky Dufty
662,Jimmy Matt
663,Thorn Lynagh
664,Yulma Keogh
665,Timothea Pollins
666,Roger Cracoe
667,Liza Gummer
668,Portia Schoular
669,Averill Knapp
670,Angy Gerner
671,Revkah Stoggell
672,Marcella Abeles
673,Cathlene Timblett
674,Dore Pudden
675,Ann-marie Fitzgerald
676,Lissi Cunniam
677,Toinette Summons
678,Fawne Fishbie
679,Filmer Idel
680,Ferd Freschi
681,Agnese Benezet
682,Pat Benedtti
683,Trina Ford
684,Gerick Batson
685,Vinni Dobney
686,Thebault Aronov
687,Chrisse Petheridge
688,Lewie Kliesl
689,Yettie Nerheny
690,Walton Labeuil
691,Georgianne Anyon
692,Katinka Lucia
693,Susette Penniell
694,Lavena Greasty
695,Debor Bridgett
696,Siward King
697,Cristi Nevinson
698,Livvie McGibbon
699,Codie Kennaird
700,Ev Penner
701,Lothario Yarranton
702,Latashia Kynaston
703,Terrell Daintree
704,Lorne Newborn
705,Jarred Saylor
706,Eugenio O'Glessane
707,Jilly Mulligan
708,Felita Perton
709,Angel Fernez
710,Kassia Meak
711,Lucita Crass
712,Nicola Currer
713,Brod Starmore
714,Fernandina Christofides
715,Saidee Tomaszek
716,Cleopatra Andreini
717,Mellisa Kobiela
718,Wash Ganderton
719,Damien Hebbard
720,Dasya Harbard
721,Bradly Poynzer
722,Cammi Bairnsfather
723,Sibyl Artindale
724,Coleman Bauckham
725,Darcy Pryell
726,Heidie Grigson
727,Zena Lough
728,Kaine McFarlan
729,Nola Haill
730,Malena Southerns
731,Julee Gower
732,Ives Palethorpe
733,Bernardine Froome
734,Hadleigh Doret
735,Huntlee Redihough
736,Axel Bootell
737,Paige Elgood
738,Pebrook Moverley
739,Maria Billiard
740,Sherri Smitton
741,Merrilee Wimbury
742,Mel Gauchier
743,Bren Bertholin
744,El Hillam
745,Reine Cotgrave
746,Briano Smails
747,Jaquith Samsworth
748,Allan Damrell
749,Hendrick Thairs
750,Stevy Sansome
751,Agatha Alpes
752,Melvyn Peasegod
753,Manny Boylin
754,Clair Morritt
755,Sigrid Gregory
756,Lauraine Willder
757,Claresta Salthouse
758,Caty Thompstone
759,Nathalie Chafer
760,Ethan McKendry
761,Berky Amphlett
762,Aileen Asson
763,Barbe Yashunin
764,Janette Guppie
765,Mirelle Boon
766,Candi Weeks
767,Eydie Harvatt
768,Cesaro Irvin
769,Hillery Icom
770,Cindee Copestick
771,Delano Jarry
772,Mavra De Winton
773,Vanessa Milward
774,Horst Ruckhard
775,Cthrine Farfalameev
776,Prudy Hosby
777,Jervis Martinat
778,Jaymie Borrowman
779,Shaun Boadby
780,Karoly Talmadge
781,Janine Lunney
782,Filmore Ends
783,Cristen McDarmid
784,Addison Grene
785,Madelaine Starkey
786,Cheri Neissen
787,Flo Glasscoe
788,Haywood McMylor
789,Mari Spellissy
790,Stormy Cowin
791,Jecho Arnald
792,Bradford Spencer
793,Agathe Clover
794,Darby Tebbut
795,Bernardine Danett
796,Dalston Di Franceshci
797,Deloria Sendall
798,Way Wedlock
799,Stephi Downes
800,Phyllys Maccrie
801,Gallagher McAdam
802,Rockey Engledow
803,Alessandra Zieme
804,Quent McTerrelly
805,Cad Coil
806,Wang Harkes
807,Godart Backes
808,Buck Swadlen
809,Selina Arboine
810,Karrie Gilffilland
811,Reamonn Richardt
812,Che Allflatt
813,Quintina Bolliver
814,Angie Wafer
815,Thedrick Tremmel
816,Marge Huby
817,Sherilyn Mcettrick
818,Fax Charley
819,Karissa Dunnion
820,Eimile Voas
821,Rollins O'Doogan
822,Maryjo Eustace
823,Fabien Peskett
824,Neel Dreng
825,Shanta Curle
826,Alex Thorn
827,Jacintha Kimmerling
828,Erinn Van der Brug
829,Halli Shouler
830,Sofia Comoletti
831,Lacee Venmore
832,Larissa Roundtree
833,Buckie Dudek
834,Guglielmo Tytcomb
835,Mayor Grayham
836,Mallory Donat
837,Robenia Gwillim
838,Bryn Stagg
839,Cy Drewery
840,Giana Crozier
841,Laughton Stirgess
842,Ania McVee
843,Brigid Peyntue
844,Harald McReynold
845,Adolf Schlagh
846,Barnard Slaughter
847,Rancell Grossier
848,Walden Voce
849,Yasmin Edgin
850,Herminia Bernardini
851,Laughton Upton
852,Modesta Bellamy
853,Randie Guthrum
854,Marylin Gilling
855,Amitie Valintine
856,Britney Bernetti
857,Idette Choules
858,Cheri Siemandl
859,Orrin Mercer
860,Verney Hinkens
861,Jecho Halfpenny
862,Rasia Tivolier
863,Jodi Arends
864,Lindsey Blunden
865,Gerry Seamer
866,Phillis Hrihorovich
867,Tamma Borsnall
868,Beitris Meric
869,Ced Ilyin
870,Der Swanton
871,Melanie Seymer
872,Felipa Nutton
873,Amabelle Stell
874,Riley McClunaghan
875,Jonathon Mann
876,Lorinda Ioannidis
877,Sheree Quincey
878,Vicki Jakubovsky
879,Alexandros Pentercost
880,Jone Mathy
881,Missie Bexley
882,Layne Stratford
883,Caro Romayne
884,Tarra Skillen
885,Blinny Fewtrell
886,Horst Duling
887,Cindee Riddett
888,Norbert Pratley
889,Marissa Migheli
890,Verna Meynell
891,Nichole Kirby
892,Glori Slatcher
893,Angelina Leverentz
894,Rosabel Rides
895,Harwilll Ney
896,Genny Feldmesser
897,Aksel Grangier
898,Saundra Dade
899,Adrian Behnen
900,Reinold Gahagan
901,Zebulen Ellit
902,Lyon Petrillo
903,Paula Waylen
904,Roberta Bakster
905,Jinny Sporgeon
906,Sydelle Shama
907,Hermine Thomke
908,Lavinia Castledine
909,Elysha Volks
910,Pasquale Trahmel
911,Lorette Lesslie
912,Kirk Pendre
913,Amalia Layus
914,Dinny Thake
915,Leonelle Kinnerley
916,Corena Bayly
917,Roscoe Milligan
918,Caprice Van der Kruis
919,Ame Rooson
920,Dorita Siemons
921,Hasheem Silbersak
922,Sydney Sollitt
923,Monti Woolard
924,Aurelea Aplin
925,Brigitta Lilley
926,Marchall Pancost
927,Silvano Cowdery
928,Diahann Jorry
929,Katya Deverick
930,Marlane Epperson
931,Roana Wilmore
932,Malvin Wyllt
933,Rhoda Addis
934,Raf De Maria
935,Erda Docwra
936,Tristan Gallifont
937,Nickolas FitzGibbon
938,Devondra Allam
939,Justine Fairhead
940,Lanita Beville
941,Denis Lempertz
942,Otto Garstan
943,Enrica Acedo
944,Griffie Vedikhov
945,Adi Petkovic
946,Heda Hercock
947,Fianna Font
948,Carita Royans
949,Astrix Rapley
950,Sergeant Ryal
951,Rodd Roman
952,Roda Lyttle
953,Marni Brion
954,Isidoro Newis
955,Gabie Reilinger
956,Patin Cleary
957,Morlee Barthropp
958,Gabriell Fleischmann
959,Jaynell Dunkinson
960,Amery Cockle
961,Adore Benning
962,Kym Seville
963,Buckie Caesar
964,Rriocard Wintringham
965,Crissy Rising
966,Oriana Hambrick
967,Jsandye Wormald
968,Keelia Caston
969,Brit Fetters
970,Caprice Dominici
971,Reiko Pickring
972,Abraham Hamal
973,Durante Scanderet
974,Malinda Rocco
975,Corrina Chavey
976,Anatole Gallone
977,Seymour Allison
978,Babs Schwier
979,Amye Robens
980,Stevy Dinnis
981,Sydney Sillwood
982,Rhett Saxon
983,Dagny Berge
984,Burke Ruller
985,Tabor Woollends
986,Riane Partington
987,Brook Line
988,Marthe Tootal
989,Wallie Millichap
990,Mame Cucinotta
991,Kamilah Haynesford
992,Sholom de Clerc
993,Shem Digby
994,Bevin MacCallion
995,Percival Godsell
996,Milty Colebourn
997,Saundra Enns
998,Arielle Mouland
999,Svend Mandal
1000,Judye Pollicott
